timestamp_entry,timestamp_exit,direction,entry_price,sl_price,tp_price,exit_price,exit_reason,rr_effective,realized_rr,pnl_percent,setup_name,pattern_id,pattern_name,breakeven_active,bars_held
2026-02-17T10:08:00+00:00,2026-02-17T10:12:00+00:00,short,4922.42,4924.64,4914.701999999999,4924.64,SL,3.4765765765765186,-1.0,-1.0,Setup A,Pattern 1,ENGULFING,False,5
2026-02-17T10:15:00+00:00,2026-02-17T10:15:00+00:00,short,4927.61,4930.32,4922.1033333333335,4927.61,BE,2.031980319803001,0.0,0.0,Setup A,Pattern 2,PIN_BAR,True,1
2026-02-17T10:18:00+00:00,2026-02-17T10:23:00+00:00,short,4926.55,4929.19,4915.008333333333,4926.55,BE,4.371843434344513,0.0,0.0,Setup A,Pattern 1,ENGULFING,True,6
2026-02-17T10:30:00+00:00,2026-02-17T10:30:00+00:00,short,4920.1,4921.16,4914.701999999999,4921.16,SL,5.092452830192115,-1.0,-1.0,Setup A,Pattern 2,PIN_BAR,False,1
2026-02-17T10:34:00+00:00,2026-02-17T10:34:00+00:00,short,4920.04,4921.73,4914.701999999999,4921.73,SL,3.158579881657936,-1.0,-1.0,Setup A,Pattern 1,ENGULFING,False,1
2026-02-17T10:37:00+00:00,2026-02-17T10:37:00+00:00,short,4919.56,4920.53,4914.701999999999,4920.53,SL,5.008247422684911,-1.0,-1.0,Setup A,Pattern 1,ENGULFING,False,1
2026-02-17T10:39:00+00:00,2026-02-17T10:46:00+00:00,short,4917.72,4921.23,4902.141428571428,4921.23,SL,4.438339438340505,-1.0,-1.0,Setup A,Pattern 1,ENGULFING,False,8
2026-02-17T11:17:00+00:00,2026-02-17T11:35:00+00:00,short,4922.13,4923.98,4915.228571428571,4923.98,SL,3.730501930503413,-1.0,-1.0,Setup A,Pattern 2,PIN_BAR,False,19
2026-02-17T11:39:00+00:00,2026-02-17T11:47:00+00:00,short,4921.77,4922.8,4915.56625,4915.56625,TP,6.023058252429239,6.023058252429239,6.023058252429239,Setup A,Pattern 2,PIN_BAR,False,9
2026-02-17T12:36:00+00:00,2026-02-17T12:37:00+00:00,short,4923.3,4926.0,4915.441000000001,4923.3,BE,2.91074074074074,0.0,0.0,Setup A,Pattern 1,ENGULFING,True,2
2026-02-17T12:41:00+00:00,2026-02-17T12:41:00+00:00,short,4924.09,4925.98,4915.441000000001,4924.09,BE,4.576190476191585,0.0,0.0,Setup A,Pattern 1,ENGULFING,True,1
2026-02-17T12:44:00+00:00,2026-02-17T12:51:00+00:00,short,4921.17,4923.27,4915.441000000001,4915.441000000001,TP,2.7280952380944608,2.7280952380944608,2.7280952380944608,Setup A,Pattern 2,PIN_BAR,False,8
2026-02-17T13:35:00+00:00,2026-02-17T13:35:00+00:00,short,4924.64,4925.46,4921.123333333333,4924.64,BE,4.288617886181197,0.0,0.0,Setup A,Pattern 2,PIN_BAR,True,1
2026-02-17T13:47:00+00:00,2026-02-17T13:47:00+00:00,short,4926.88,4928.76,4921.242,4926.88,BE,2.9989361702125494,0.0,0.0,Setup A,Pattern 1,ENGULFING,True,1
2026-02-17T13:55:00+00:00,2026-02-17T13:55:00+00:00,short,4925.43,4926.31,4921.242,4926.31,SL,4.7590909090904345,-1.0,-1.0,Setup A,Pattern 2,PIN_BAR,False,1
2026-02-17T14:24:00+00:00,2026-02-17T14:26:00+00:00,short,4940.61,4941.77,4929.631666666667,4941.77,SL,9.464080459763213,-1.0,-1.0,Setup A,Pattern 2,PIN_BAR,False,3
2026-02-17T14:37:00+00:00,2026-02-17T14:58:00+00:00,short,4939.1,4942.53,4929.631666666667,4929.631666666667,TP,2.760447035957713,2.760447035957713,2.760447035957713,Setup A,Pattern 1,ENGULFING,True,22
2026-02-18T16:00:00+00:00,2026-02-18T16:03:00+00:00,long,4954.12,4952.26,4959.02,4959.02,TP,2.6344086021512947,2.6344086021512947,2.6344086021512947,Setup A,Pattern 1,ENGULFING,False,4
2026-02-18T16:13:00+00:00,2026-02-18T16:14:00+00:00,long,4953.81,4952.66,4959.02,4959.02,TP,4.530434782606577,4.530434782606577,4.530434782606577,Setup A,Pattern 1,ENGULFING,False,2
2026-02-18T18:00:00+00:00,2026-02-18T18:01:00+00:00,long,4998.7,4995.93,5007.400000000001,4998.7,BE,3.1407942238275135,0.0,0.0,Setup A,Pattern 1,ENGULFING,True,2
2026-02-18T18:06:00+00:00,2026-02-18T18:06:00+00:00,long,5002.68,5001.56,5007.400000000001,5001.56,SL,4.214285714286352,-1.0,-1.0,Setup A,Pattern 1,ENGULFING,False,1
2026-02-18T18:31:00+00:00,2026-02-18T18:31:00+00:00,long,4996.7,4994.54,5007.400000000001,4996.7,BE,4.953703703704374,0.0,0.0,Setup A,Pattern 2,PIN_BAR,True,1
2026-02-18T19:31:00+00:00,2026-02-18T19:31:00+00:00,long,4999.0,4997.55,5004.205,4999.0,BE,3.589655172414193,0.0,0.0,Setup A,Pattern 2,PIN_BAR,True,1
2026-02-18T19:41:00+00:00,2026-02-18T19:45:00+00:00,long,4995.37,4993.5,4999.381111111111,4999.381111111111,TP,2.1449792038027717,2.1449792038027717,2.1449792038027717,Setup A,Pattern 1,ENGULFING,True,5
2026-02-18T19:52:00+00:00,2026-02-18T19:58:00+00:00,long,4998.3,4997.26,5004.205,4998.3,BE,5.677884615384569,0.0,0.0,Setup A,Pattern 1,ENGULFING,True,7
2026-02-18T20:22:00+00:00,2026-02-18T20:22:00+00:00,long,4994.92,4994.39,5000.46375,4994.39,SL,10.459905660382042,-1.0,-1.0,Setup A,Pattern 2,PIN_BAR,False,1
2026-02-18T20:44:00+00:00,2026-02-18T21:03:00+00:00,long,4982.57,4980.63,4993.41,4993.41,TP,5.5876288659806095,5.5876288659806095,5.5876288659806095,Setup A,Pattern 2,PIN_BAR,False,20
2026-02-18T21:07:00+00:00,2026-02-18T21:26:00+00:00,long,4990.03,4987.46,4995.848888888889,4987.46,SL,2.264159100735267,-1.0,-1.0,Setup A,Pattern 2,PIN_BAR,False,20
2026-02-18T21:33:00+00:00,2026-02-19T01:01:00+00:00,long,4977.67,4973.06,4993.694444444444,4973.06,SL,3.476018317667117,-1.0,-1.0,Setup A,Pattern 1,ENGULFING,False,147
2026-02-19T01:12:00+00:00,2026-02-19T01:13:00+00:00,long,4978.34,4976.31,4985.804,4976.31,SL,3.6768472906408265,-1.0,-1.0,Setup A,Pattern 2,PIN_BAR,False,2
2026-02-19T01:18:00+00:00,2026-02-19T01:24:00+00:00,long,4974.61,4972.03,4980.509166666667,4980.509166666667,TP,2.286498708010546,2.286498708010546,2.286498708010546,Setup A,Pattern 2,PIN_BAR,False,7
2026-02-19T01:27:00+00:00,2026-02-19T01:27:00+00:00,long,4983.71,4980.97,4993.694444444444,4980.97,SL,3.6439578264398182,-1.0,-1.0,Setup A,Pattern 2,PIN_BAR,False,1
2026-02-19T02:16:00+00:00,2026-02-19T02:16:00+00:00,long,4968.88,4966.93,4974.133333333333,4968.88,BE,2.694017094017227,0.0,0.0,Setup A,Pattern 3,MORNING_STAR,True,1
2026-02-19T02:22:00+00:00,2026-02-19T02:22:00+00:00,long,4968.2,4966.79,4974.133333333333,4966.79,SL,4.208037825059579,-1.0,-1.0,Setup A,Pattern 2,PIN_BAR,False,1
2026-02-19T02:26:00+00:00,2026-02-19T02:26:00+00:00,long,4966.47,4965.32,4974.133333333333,4965.32,SL,6.66376811593854,-1.0,-1.0,Setup A,Pattern 2,PIN_BAR,False,1
2026-02-19T02:32:00+00:00,2026-02-19T02:32:00+00:00,long,4968.46,4967.39,4973.825714285714,4967.39,SL,5.014686248331919,-1.0,-1.0,Setup A,Pattern 2,PIN_BAR,False,1
2026-02-19T02:53:00+00:00,2026-02-19T02:57:00+00:00,long,4963.29,4961.2,4968.674999999999,4961.2,SL,2.5765550239229347,-1.0,-1.0,Setup A,Pattern 1,ENGULFING,False,5
2026-02-19T02:59:00+00:00,2026-02-19T03:01:00+00:00,long,4961.47,4960.64,4963.776666666668,4963.776666666668,TP,2.7791164658644574,2.7791164658644574,2.7791164658644574,Setup A,Pattern 2,PIN_BAR,False,3
2026-02-19T03:20:00+00:00,2026-02-19T03:20:00+00:00,long,4965.05,4964.31,4968.639999999999,4964.31,SL,4.85135135135175,-1.0,-1.0,Setup A,Pattern 2,PIN_BAR,False,1
2026-02-19T03:22:00+00:00,2026-02-19T03:23:00+00:00,long,4965.23,4964.13,4968.639999999999,4964.13,SL,3.1000000000014056,-1.0,-1.0,Setup A,Pattern 1,ENGULFING,False,2
2026-02-19T03:29:00+00:00,2026-02-19T03:32:00+00:00,long,4964.36,4962.22,4968.639999999999,4962.22,SL,2.000000000000425,-1.0,-1.0,Setup A,Pattern 1,ENGULFING,False,4
2026-02-19T23:32:00+00:00,2026-02-19T23:32:00+00:00,long,4994.33,4994.12,4994.788571428572,4994.788571428572,TP,2.1836734693911137,2.1836734693911137,2.1836734693911137,Setup A,Pattern 2,PIN_BAR,False,1
2026-02-19T23:36:00+00:00,2026-02-19T23:44:00+00:00,long,4996.33,4995.34,4998.623,4998.623,TP,2.316161616161789,2.316161616161789,2.316161616161789,Setup A,Pattern 1,ENGULFING,True,9
2026-02-19T23:46:00+00:00,2026-02-19T23:46:00+00:00,long,4998.45,4996.84,5001.8125,4998.45,BE,2.088509316770724,0.0,0.0,Setup A,Pattern 1,ENGULFING,True,1
2026-02-20T01:34:00+00:00,2026-02-20T01:36:00+00:00,long,4998.0,4995.37,5003.6033333333335,4998.0,BE,2.1305449936628267,0.0,0.0,Setup A,Pattern 1,ENGULFING,True,3
2026-02-20T01:41:00+00:00,2026-02-20T01:41:00+00:00,long,4999.15,4997.5,5003.6033333333335,4997.5,SL,2.698989898990795,-1.0,-1.0,Setup A,Pattern 2,PIN_BAR,False,1
2026-02-20T01:58:00+00:00,2026-02-20T02:00:00+00:00,long,4990.79,4985.64,5002.712,4985.64,SL,2.3149514563109364,-1.0,-1.0,Setup B,Pattern 2,PIN_BAR,False,3
2026-02-20T02:05:00+00:00,2026-02-20T02:05:00+00:00,long,4993.33,4991.56,4998.741538461539,4993.33,BE,3.0573663624521386,0.0,0.0,Setup A,Pattern 2,PIN_BAR,True,1
2026-02-20T02:15:00+00:00,2026-02-20T02:15:00+00:00,long,4993.48,4992.53,4997.824666666666,4993.48,BE,4.573333333334405,0.0,0.0,Setup A,Pattern 2,PIN_BAR,True,1
2026-02-20T02:19:00+00:00,2026-02-20T02:19:00+00:00,long,4995.76,4994.1,5001.66375,4994.1,SL,3.5564759036144626,-1.0,-1.0,Setup A,Pattern 1,ENGULFING,False,1
2026-02-20T02:28:00+00:00,2026-02-20T02:28:00+00:00,long,4990.05,4988.13,4997.824666666666,4990.05,BE,4.049305555555177,0.0,0.0,Setup A,Pattern 1,ENGULFING,True,1
2026-02-20T02:36:00+00:00,2026-02-20T02:36:00+00:00,long,4990.22,4986.98,5000.1449999999995,4990.22,BE,3.0632716049373934,0.0,0.0,Setup A,Pattern 2,PIN_BAR,True,1
2026-02-20T03:50:00+00:00,2026-02-20T03:50:00+00:00,long,4997.16,4995.5,5001.736,4997.16,BE,2.756626506024351,0.0,0.0,Setup A,Pattern 2,PIN_BAR,True,1
2026-02-20T03:52:00+00:00,2026-02-20T03:52:00+00:00,long,4997.2,4996.5,5001.736,4997.2,BE,6.480000000001767,0.0,0.0,Setup A,Pattern 1,ENGULFING,True,1
2026-02-20T03:56:00+00:00,2026-02-20T03:58:00+00:00,long,5000.09,4998.11,5005.2300000000005,4998.11,SL,2.5959595959591413,-1.0,-1.0,Setup A,Pattern 1,ENGULFING,False,3
2026-02-20T04:02:00+00:00,2026-02-20T04:02:00+00:00,long,4997.43,4992.83,5009.768333333333,4997.43,BE,2.68224637681134,0.0,0.0,Setup A,Pattern 2,PIN_BAR,True,1
2026-02-20T04:10:00+00:00,2026-02-20T04:10:00+00:00,long,5001.65,5000.55,5005.448571428571,5000.55,SL,3.4532467532484854,-1.0,-1.0,Setup A,Pattern 2,PIN_BAR,False,1
2026-02-20T04:17:00+00:00,2026-02-20T04:17:00+00:00,long,4997.87,4996.53,5001.30375,4996.53,SL,2.5624999999998304,-1.0,-1.0,Setup A,Pattern 2,PIN_BAR,False,1
2026-02-20T04:24:00+00:00,2026-02-20T04:25:00+00:00,long,4997.45,4994.78,5005.2300000000005,4997.45,BE,2.9138576779027874,0.0,0.0,Setup A,Pattern 3,MORNING_STAR,True,2
2026-02-20T04:27:00+00:00,2026-02-20T04:27:00+00:00,long,4997.04,4996.42,5001.30375,4996.42,SL,6.877016129033586,-1.0,-1.0,Setup A,Pattern 2,PIN_BAR,False,1
2026-02-20T04:29:00+00:00,2026-02-20T04:29:00+00:00,long,4996.1,4994.72,5001.30375,4996.1,BE,3.770833333332798,0.0,0.0,Setup A,Pattern 2,PIN_BAR,True,1
2026-02-20T05:03:00+00:00,2026-02-20T05:03:00+00:00,long,4996.18,4993.53,5005.203750000001,4996.18,BE,3.4051886792446915,0.0,0.0,Setup A,Pattern 2,PIN_BAR,True,1
2026-02-20T05:11:00+00:00,2026-02-20T05:11:00+00:00,long,4994.12,4993.23,4997.3112,4994.12,BE,3.5856179775270047,0.0,0.0,Setup A,Pattern 2,PIN_BAR,True,1
2026-02-20T05:18:00+00:00,2026-02-20T05:18:00+00:00,long,4996.38,4995.81,5001.30375,4996.38,BE,8.638157894741125,0.0,0.0,Setup A,Pattern 2,PIN_BAR,True,1
2026-02-20T05:57:00+00:00,2026-02-20T05:57:00+00:00,long,4990.19,4989.6,4992.118333333333,4989.6,SL,3.268361581925054,-1.0,-1.0,Setup A,Pattern 2,PIN_BAR,False,1
2026-02-23T19:15:00+00:00,2026-02-23T19:36:00+00:00,long,5203.1,5199.71,5216.4825,5199.71,SL,3.9476401179936333,-1.0,-1.0,Setup A,Pattern 1,ENGULFING,False,22
2026-02-23T19:48:00+00:00,2026-02-23T20:10:00+00:00,long,5198.88,5196.54,5214.928333333333,5214.928333333333,TP,6.858262108261615,6.858262108261615,6.858262108261615,Setup A,Pattern 2,PIN_BAR,False,23
2026-02-23T20:47:00+00:00,2026-02-23T21:39:00+00:00,long,5208.45,5205.77,5215.12125,5215.12125,TP,2.489272388060398,2.489272388060398,2.489272388060398,Setup A,Pattern 3,MORNING_STAR,False,53
2026-02-24T02:15:00+00:00,2026-02-24T02:21:00+00:00,long,5230.53,5228.48,5236.325999999999,5236.325999999999,TP,2.827317073170172,2.827317073170172,2.827317073170172,Setup A,Pattern 2,PIN_BAR,False,7
2026-02-24T02:25:00+00:00,2026-02-24T02:27:00+00:00,long,5235.67,5229.96,5248.683333333333,5229.96,SL,2.2790426152947876,-1.0,-1.0,Setup A,Pattern 1,ENGULFING,False,3
2026-02-24T02:32:00+00:00,2026-02-24T02:38:00+00:00,long,5230.05,5226.0,5248.683333333333,5226.0,SL,4.600823045267253,-1.0,-1.0,Setup A,Pattern 2,PIN_BAR,False,7
2026-02-24T02:44:00+00:00,2026-02-24T02:55:00+00:00,long,5229.49,5226.44,5236.631666666667,5226.44,SL,2.341530054644888,-1.0,-1.0,Setup A,Pattern 3,MORNING_STAR,False,12
2026-02-24T03:01:00+00:00,2026-02-24T03:01:00+00:00,long,5214.51,5201.26,5248.683333333333,5214.51,BE,2.579119496855334,0.0,0.0,Setup A,Pattern 2,PIN_BAR,True,1
2026-02-24T03:03:00+00:00,2026-02-24T03:04:00+00:00,long,5211.94,5204.17,5231.25375,5204.17,SL,2.4856821106822946,-1.0,-1.0,Setup A,Pattern 2,PIN_BAR,False,2
2026-02-24T03:06:00+00:00,2026-02-24T03:06:00+00:00,long,5209.84,5200.25,5231.25375,5200.25,SL,2.2329249217934706,-1.0,-1.0,Setup A,Pattern 2,PIN_BAR,False,1
2026-02-24T03:31:00+00:00,2026-02-24T03:35:00+00:00,long,5165.88,5161.38,5189.67,5165.88,BE,5.286666666666658,0.0,0.0,Setup A,Pattern 2,PIN_BAR,True,5
2026-02-24T03:37:00+00:00,2026-02-24T03:37:00+00:00,long,5171.45,5165.68,5189.67,5171.45,BE,3.1577123050262994,0.0,0.0,Setup A,Pattern 1,ENGULFING,True,1
2026-02-24T03:41:00+00:00,2026-02-24T03:53:00+00:00,long,5167.92,5163.61,5189.67,5167.92,BE,5.046403712296515,0.0,0.0,Setup A,Pattern 1,ENGULFING,True,13
2026-02-24T03:57:00+00:00,2026-02-24T03:59:00+00:00,long,5172.48,5166.54,5189.67,5172.48,BE,2.8939393939396747,0.0,0.0,Setup A,Pattern 1,ENGULFING,True,3
2026-02-24T04:07:00+00:00,2026-02-24T04:07:00+00:00,long,5175.15,5173.49,5181.43,5173.49,SL,3.783132530121208,-1.0,-1.0,Setup A,Pattern 2,PIN_BAR,False,1
2026-02-24T04:10:00+00:00,2026-02-24T04:11:00+00:00,long,5172.79,5167.15,5189.67,5167.15,SL,2.9929078014182853,-1.0,-1.0,Setup A,Pattern 1,ENGULFING,False,2
2026-02-24T04:33:00+00:00,2026-02-24T04:52:00+00:00,long,5178.81,5175.62,5189.67,5189.67,TP,3.404388714732896,3.404388714732896,3.404388714732896,Setup A,Pattern 1,ENGULFING,False,20
2026-02-24T05:34:00+00:00,2026-02-24T05:42:00+00:00,long,5184.05,5182.27,5189.4975,5182.27,SL,3.060393258427527,-1.0,-1.0,Setup A,Pattern 1,ENGULFING,False,9
2026-02-24T05:45:00+00:00,2026-02-24T05:46:00+00:00,long,5179.57,5176.33,5189.440769230769,5176.33,SL,3.0465337132004917,-1.0,-1.0,Setup A,Pattern 2,PIN_BAR,False,2
2026-02-24T05:48:00+00:00,2026-02-24T05:48:00+00:00,long,5177.69,5176.65,5181.948333333333,5176.65,SL,4.094551282051309,-1.0,-1.0,Setup A,Pattern 2,PIN_BAR,False,1
2026-02-24T05:56:00+00:00,2026-02-24T05:56:00+00:00,long,5176.14,5175.39,5181.948333333333,5176.14,BE,7.744444444443313,0.0,0.0,Setup A,Pattern 2,PIN_BAR,True,1
2026-02-24T06:00:00+00:00,2026-02-24T06:00:00+00:00,long,5171.84,5171.2,5174.58,5171.2,SL,4.281249999997469,-1.0,-1.0,Setup A,Pattern 2,PIN_BAR,False,1
2026-02-24T06:12:00+00:00,2026-02-24T06:12:00+00:00,long,5169.75,5168.37,5174.58,5168.37,SL,3.4999999999996705,-1.0,-1.0,Setup A,Pattern 3,MORNING_STAR,False,1
2026-02-24T06:14:00+00:00,2026-02-24T06:23:00+00:00,long,5168.62,5166.93,5174.58,5174.58,TP,3.5266272189357677,3.5266272189357677,3.5266272189357677,Setup A,Pattern 2,PIN_BAR,True,10
2026-02-24T06:30:00+00:00,2026-02-24T06:30:00+00:00,long,5172.2,5170.57,5182.165,5170.57,SL,6.113496932515018,-1.0,-1.0,Setup A,Pattern 2,PIN_BAR,False,1
2026-02-24T06:35:00+00:00,2026-02-24T06:35:00+00:00,long,5167.81,5167.2,5174.32375,5167.2,SL,10.678278688513029,-1.0,-1.0,Setup A,Pattern 2,PIN_BAR,False,1
2026-02-24T06:37:00+00:00,2026-02-24T06:37:00+00:00,long,5167.21,5166.36,5174.32375,5166.36,SL,8.369117647054685,-1.0,-1.0,Setup A,Pattern 2,PIN_BAR,False,1
2026-02-24T06:39:00+00:00,2026-02-24T06:39:00+00:00,long,5167.37,5165.82,5174.32375,5167.37,BE,4.486290322579907,0.0,0.0,Setup A,Pattern 1,ENGULFING,True,1
2026-02-24T06:48:00+00:00,2026-02-24T07:01:00+00:00,long,5169.41,5166.27,5183.358571428572,5166.27,SL,4.442220200182987,-1.0,-1.0,Setup A,Pattern 1,ENGULFING,False,14
2026-02-24T07:06:00+00:00,2026-02-24T07:12:00+00:00,long,5171.59,5167.32,5180.8475,5171.59,BE,2.168032786884956,0.0,0.0,Setup A,Pattern 2,PIN_BAR,True,7
2026-02-24T07:16:00+00:00,2026-02-24T07:16:00+00:00,long,5171.66,5170.38,5174.89875,5171.66,BE,2.5302734375008447,0.0,0.0,Setup A,Pattern 2,PIN_BAR,True,1
2026-02-24T07:18:00+00:00,2026-02-24T07:19:00+00:00,long,5172.85,5171.73,5179.719999999999,5171.73,SL,6.1339285714232785,-1.0,-1.0,Setup A,Pattern 2,PIN_BAR,False,2
2026-02-24T08:38:00+00:00,2026-02-24T08:38:00+00:00,long,5164.85,5159.39,5179.719999999999,5164.85,BE,2.723443223443019,0.0,0.0,Setup A,Pattern 1,ENGULFING,True,1
2026-02-24T08:45:00+00:00,2026-02-24T08:45:00+00:00,long,5170.48,5168.89,5174.7,5170.48,BE,2.654088050315901,0.0,0.0,Setup A,Pattern 2,PIN_BAR,True,1
2026-02-24T08:49:00+00:00,2026-02-24T08:51:00+00:00,long,5173.91,5170.17,5183.92125,5170.17,SL,2.6768048128345074,-1.0,-1.0,Setup A,Pattern 1,ENGULFING,False,3
2026-02-24T09:02:00+00:00,2026-02-24T09:04:00+00:00,long,5170.27,5169.24,5174.735384615385,5170.27,BE,4.335324869302301,0.0,0.0,Setup A,Pattern 2,PIN_BAR,True,3
2026-02-24T10:28:00+00:00,2026-02-24T10:28:00+00:00,long,5172.75,5172.03,5174.536470588235,5174.536470588235,TP,2.4812091503252423,2.4812091503252423,2.4812091503252423,Setup A,Pattern 2,PIN_BAR,False,1
2026-02-24T10:44:00+00:00,2026-02-24T10:45:00+00:00,long,5175.72,5174.49,5179.775,5174.49,SL,3.2967479674779043,-1.0,-1.0,Setup A,Pattern 1,ENGULFING,False,2
2026-02-24T10:47:00+00:00,2026-02-24T10:59:00+00:00,long,5172.77,5169.08,5183.640833333334,5172.77,BE,2.946025293585879,0.0,0.0,Setup A,Pattern 2,PIN_BAR,True,13
2026-02-24T11:30:00+00:00,2026-02-24T11:32:00+00:00,long,5168.72,5167.85,5171.376666666666,5171.376666666666,TP,3.05363984674273,3.05363984674273,3.05363984674273,Setup A,Pattern 2,PIN_BAR,False,3
2026-02-24T11:42:00+00:00,2026-02-24T11:42:00+00:00,long,5171.59,5169.9,5179.84,5169.9,SL,4.881656804732256,-1.0,-1.0,Setup A,Pattern 2,PIN_BAR,False,1
2026-02-24T11:48:00+00:00,2026-02-24T12:02:00+00:00,long,5169.37,5167.36,5174.7699999999995,5174.7699999999995,TP,2.6865671641786317,2.6865671641786317,2.6865671641786317,Setup A,Pattern 3,MORNING_STAR,True,15
2026-02-24T12:12:00+00:00,2026-02-24T12:12:00+00:00,long,5173.4,5172.96,5174.688095238095,5172.96,SL,2.9274891774926473,-1.0,-1.0,Setup A,Pattern 1,ENGULFING,False,1
2026-02-24T12:36:00+00:00,2026-02-24T12:36:00+00:00,long,5167.28,5165.75,5171.2919999999995,5165.75,SL,2.622222222222473,-1.0,-1.0,Setup B,Pattern 1,ENGULFING,False,1
2026-02-24T12:38:00+00:00,2026-02-24T12:38:00+00:00,long,5168.4,5163.32,5179.326,5168.4,BE,2.15078740157491,0.0,0.0,Setup B,Pattern 1,ENGULFING,True,1
2026-02-24T12:42:00+00:00,2026-02-24T12:42:00+00:00,long,5168.44,5163.32,5179.326,5168.44,BE,2.1261718750001277,0.0,0.0,Setup B,Pattern 1,ENGULFING,True,1
2026-02-24T12:46:00+00:00,2026-02-24T12:46:00+00:00,long,5170.26,5169.74,5174.731666666667,5170.26,BE,8.599358974351148,0.0,0.0,Setup A,Pattern 2,PIN_BAR,True,1
2026-02-24T12:50:00+00:00,2026-02-24T12:51:00+00:00,long,5170.71,5169.86,5174.731666666667,5169.86,SL,4.731372549017426,-1.0,-1.0,Setup A,Pattern 2,PIN_BAR,False,2
2026-02-24T12:53:00+00:00,2026-02-24T12:53:00+00:00,long,5171.64,5169.97,5179.84,5171.64,BE,4.91017964071824,0.0,0.0,Setup A,Pattern 1,ENGULFING,True,1
2026-02-24T12:56:00+00:00,2026-02-24T12:56:00+00:00,long,5172.86,5171.55,5179.84,5171.55,SL,5.328244274811593,-1.0,-1.0,Setup A,Pattern 2,PIN_BAR,False,1
2026-02-24T13:04:00+00:00,2026-02-24T13:06:00+00:00,long,5174.84,5174.29,5179.84,5174.29,SL,9.090909090906084,-1.0,-1.0,Setup A,Pattern 2,PIN_BAR,False,3
2026-02-24T14:03:00+00:00,2026-02-24T14:04:00+00:00,long,5170.44,5169.48,5175.266086956522,5169.48,SL,5.027173913043535,-1.0,-1.0,Setup A,Pattern 2,PIN_BAR,False,2
2026-02-24T14:06:00+00:00,2026-02-24T14:06:00+00:00,long,5171.19,5168.27,5179.637142857143,5171.19,BE,2.8928571428581105,0.0,0.0,Setup A,Pattern 1,ENGULFING,True,1
2026-02-24T14:34:00+00:00,2026-02-24T14:35:00+00:00,long,5159.73,5157.21,5166.435555555556,5157.21,SL,2.660934744268834,-1.0,-1.0,Setup A,Pattern 2,PIN_BAR,False,2
2026-02-24T15:15:00+00:00,2026-02-24T15:15:00+00:00,long,5159.2,5157.73,5163.588461538461,5157.73,SL,2.985347985347335,-1.0,-1.0,Setup A,Pattern 1,ENGULFING,False,1
2026-02-24T15:21:00+00:00,2026-02-24T15:21:00+00:00,long,5155.1,5152.18,5163.588461538461,5152.18,SL,2.907007376185132,-1.0,-1.0,Setup A,Pattern 1,ENGULFING,False,1
2026-02-24T15:23:00+00:00,2026-02-24T15:30:00+00:00,long,5155.14,5153.77,5163.588461538461,5153.77,SL,6.166760247052195,-1.0,-1.0,Setup A,Pattern 1,ENGULFING,False,8
2026-02-24T15:35:00+00:00,2026-02-24T15:35:00+00:00,long,5154.12,5151.44,5163.588461538461,5151.44,SL,3.533008036738896,-1.0,-1.0,Setup A,Pattern 1,ENGULFING,False,1
2026-02-24T15:47:00+00:00,2026-02-24T15:47:00+00:00,long,5141.11,5139.51,5158.926666666666,5139.51,SL,11.135416666670427,-1.0,-1.0,Setup A,Pattern 2,PIN_BAR,False,1
2026-02-24T18:39:00+00:00,2026-02-24T18:39:00+00:00,long,5145.97,5144.88,5154.907,5144.88,SL,8.199082568806151,-1.0,-1.0,Setup A,Pattern 2,PIN_BAR,False,1
2026-02-24T18:41:00+00:00,2026-02-24T18:43:00+00:00,long,5148.92,5144.77,5167.282222222222,5144.77,SL,4.424631860776784,-1.0,-1.0,Setup A,Pattern 3,MORNING_STAR,False,3
2026-02-24T18:58:00+00:00,2026-02-24T19:10:00+00:00,long,5140.04,5137.29,5154.534545454545,5154.534545454545,TP,5.270743801652729,5.270743801652729,5.270743801652729,Setup A,Pattern 1,ENGULFING,False,13
2026-02-25T16:00:00+00:00,2026-02-25T16:00:00+00:00,long,5185.57,5183.76,5189.373076923077,5185.57,BE,2.101147471313985,0.0,0.0,Setup A,Pattern 2,PIN_BAR,True,1
2026-02-25T16:10:00+00:00,2026-02-25T16:10:00+00:00,long,5190.18,5189.52,5194.344166666667,5189.52,SL,6.309343434344513,-1.0,-1.0,Setup A,Pattern 2,PIN_BAR,False,1
2026-02-25T16:16:00+00:00,2026-02-25T16:16:00+00:00,long,5184.69,5181.95,5190.896,5184.69,BE,2.2649635036498634,0.0,0.0,Setup A,Pattern 2,PIN_BAR,True,1
2026-02-25T16:19:00+00:00,2026-02-25T16:19:00+00:00,long,5184.09,5182.62,5190.896,5182.62,SL,4.6299319727880315,-1.0,-1.0,Setup A,Pattern 2,PIN_BAR,False,1
2026-02-25T16:26:00+00:00,2026-02-25T16:26:00+00:00,long,5180.65,5177.26,5190.896,5180.65,BE,3.0224188790565942,0.0,0.0,Setup A,Pattern 2,PIN_BAR,True,1
2026-02-25T16:32:00+00:00,2026-02-25T16:32:00+00:00,long,5175.73,5173.04,5183.859230769231,5175.73,BE,3.0220188733205506,0.0,0.0,Setup A,Pattern 2,PIN_BAR,True,1
2026-02-25T16:49:00+00:00,2026-02-25T16:49:00+00:00,long,5178.58,5176.25,5183.954074074074,5178.58,BE,2.3064695596885216,0.0,0.0,Setup A,Pattern 3,MORNING_STAR,True,1
2026-02-25T17:53:00+00:00,2026-02-25T17:53:00+00:00,long,5196.41,5195.28,5202.3225,5195.28,SL,5.232300884955569,-1.0,-1.0,Setup A,Pattern 2,PIN_BAR,False,1
2026-02-25T17:57:00+00:00,2026-02-25T17:57:00+00:00,long,5196.42,5193.69,5202.3225,5196.42,BE,2.162087912087591,0.0,0.0,Setup A,Pattern 1,ENGULFING,True,1
2026-02-25T19:48:00+00:00,2026-02-25T19:50:00+00:00,long,5207.19,5205.54,5214.803333333333,5205.54,SL,4.614141414142645,-1.0,-1.0,Setup A,Pattern 2,PIN_BAR,False,3
2026-02-25T19:58:00+00:00,2026-02-25T20:48:00+00:00,long,5205.91,5203.72,5214.803333333333,5203.72,SL,4.0608828006096145,-1.0,-1.0,Setup A,Pattern 2,PIN_BAR,False,51
2026-02-25T20:52:00+00:00,2026-02-25T20:52:00+00:00,long,5203.33,5202.91,5207.339,5202.91,SL,9.545238095236476,-1.0,-1.0,Setup A,Pattern 2,PIN_BAR,False,1
2026-02-25T20:55:00+00:00,2026-02-25T20:56:00+00:00,long,5202.83,5201.82,5207.339,5201.82,SL,4.464356435642614,-1.0,-1.0,Setup A,Pattern 1,ENGULFING,False,2
2026-02-25T21:30:00+00:00,2026-02-25T22:14:00+00:00,long,5203.11,5196.58,5216.835,5196.58,SL,2.1018376722819143,-1.0,-1.0,Setup A,Pattern 1,ENGULFING,False,45
2026-02-25T22:40:00+00:00,2026-02-25T22:40:00+00:00,long,5183.26,5181.21,5191.316428571428,5183.26,BE,3.929965156793853,0.0,0.0,Setup A,Pattern 2,PIN_BAR,True,1
2026-02-25T23:15:00+00:00,2026-02-25T23:15:00+00:00,long,5160.89,5158.57,5171.546666666667,5160.89,BE,4.593390804596513,0.0,0.0,Setup A,Pattern 2,PIN_BAR,True,1
2026-02-25T23:17:00+00:00,2026-02-25T23:17:00+00:00,long,5171.58,5158.57,5198.7733333333335,5171.58,BE,2.0901870356136167,0.0,0.0,Setup A,Pattern 3,MORNING_STAR,True,1
2026-02-25T23:22:00+00:00,2026-02-25T23:22:00+00:00,long,5166.7,5165.11,5171.546666666667,5166.7,BE,3.0482180293501995,0.0,0.0,Setup A,Pattern 1,ENGULFING,True,1
2026-02-25T23:30:00+00:00,2026-02-25T23:30:00+00:00,long,5169.03,5167.71,5176.298461538462,5167.71,SL,5.506410256412094,-1.0,-1.0,Setup A,Pattern 2,PIN_BAR,False,1
2026-02-25T23:32:00+00:00,2026-02-25T23:32:00+00:00,long,5169.48,5166.6,5176.298461538462,5169.48,BE,2.3675213675223743,0.0,0.0,Setup A,Pattern 1,ENGULFING,True,1
2026-02-25T23:36:00+00:00,2026-02-25T23:40:00+00:00,long,5173.46,5168.41,5186.632,5168.41,SL,2.6083168316829894,-1.0,-1.0,Setup A,Pattern 1,ENGULFING,False,5
2026-02-26T01:15:00+00:00,2026-02-26T01:15:00+00:00,long,5168.71,5166.24,5176.625,5168.71,BE,3.2044534412952013,0.0,0.0,Setup A,Pattern 2,PIN_BAR,True,1
2026-02-26T01:28:00+00:00,2026-02-26T01:31:00+00:00,long,5170.59,5169.09,5176.625,5169.09,SL,4.023333333333237,-1.0,-1.0,Setup A,Pattern 2,PIN_BAR,False,4
2026-03-02T02:30:00+00:00,2026-03-02T02:31:00+00:00,long,5364.81,5359.85,5376.53,5359.85,SL,2.3629032258063023,-1.0,-1.0,Setup A,Pattern 2,PIN_BAR,False,2
2026-03-02T02:46:00+00:00,2026-03-02T02:46:00+00:00,long,5364.9,5361.64,5375.765,5361.64,SL,3.332822085890489,-1.0,-1.0,Setup A,Pattern 2,PIN_BAR,False,1
2026-03-02T02:56:00+00:00,2026-03-02T03:00:00+00:00,long,5344.92,5341.1,5356.986666666667,5341.1,SL,3.15881326352553,-1.0,-1.0,Setup A,Pattern 2,PIN_BAR,False,5
2026-03-02T03:17:00+00:00,2026-03-02T03:19:00+00:00,long,5343.6,5333.76,5365.295,5333.76,SL,2.2047764227641653,-1.0,-1.0,Setup A,Pattern 1,ENGULFING,False,3
2026-03-02T03:33:00+00:00,2026-03-02T04:42:00+00:00,long,5314.56,5310.68,5345.49,5345.49,TP,7.971649484535699,7.971649484535699,7.971649484535699,Setup A,Pattern 2,PIN_BAR,False,70
2026-03-02T06:54:00+00:00,2026-03-02T07:00:00+00:00,long,5356.79,5355.49,5365.731428571429,5355.49,SL,6.878021978021532,-1.0,-1.0,Setup A,Pattern 2,PIN_BAR,False,7
2026-03-02T07:07:00+00:00,2026-03-02T07:07:00+00:00,long,5350.76,5348.99,5358.09,5348.99,SL,4.141242937852045,-1.0,-1.0,Setup A,Pattern 2,PIN_BAR,False,1
2026-03-02T07:24:00+00:00,2026-03-02T07:24:00+00:00,long,5350.91,5349.61,5357.857777777778,5349.61,SL,5.344444444444141,-1.0,-1.0,Setup A,Pattern 2,PIN_BAR,False,1
2026-03-02T07:38:00+00:00,2026-03-02T07:50:00+00:00,long,5356.18,5355.22,5365.731428571429,5365.731428571429,TP,9.949404761904741,9.949404761904741,9.949404761904741,Setup A,Pattern 2,PIN_BAR,False,13
2026-03-02T10:54:00+00:00,2026-03-02T10:54:00+00:00,long,5403.63,5399.87,5413.106666666667,5399.87,SL,2.520390070921785,-1.0,-1.0,Setup A,Pattern 2,PIN_BAR,False,1
2026-03-02T11:00:00+00:00,2026-03-02T11:00:00+00:00,long,5394.37,5391.33,5403.536666666667,5391.33,SL,3.0153508771931183,-1.0,-1.0,Setup A,Pattern 2,PIN_BAR,False,1
2026-03-02T11:03:00+00:00,2026-03-02T11:11:00+00:00,long,5396.3,5391.38,5412.6,5391.38,SL,3.313008130081289,-1.0,-1.0,Setup A,Pattern 1,ENGULFING,False,9
2026-03-02T11:17:00+00:00,2026-03-02T11:18:00+00:00,long,5396.28,5394.04,5403.052857142858,5394.04,SL,3.0235969387761434,-1.0,-1.0,Setup A,Pattern 2,PIN_BAR,False,2
2026-03-02T11:22:00+00:00,2026-03-02T11:49:00+00:00,long,5394.94,5388.78,5412.6,5388.78,SL,2.8668831168833084,-1.0,-1.0,Setup A,Pattern 1,ENGULFING,False,28
2026-03-02T12:08:00+00:00,2026-03-02T12:21:00+00:00,long,5386.39,5380.32,5403.01375,5386.39,BE,2.738673805600997,0.0,0.0,Setup A,Pattern 1,ENGULFING,True,14
2026-03-02T12:27:00+00:00,2026-03-02T12:27:00+00:00,long,5386.62,5384.72,5390.964444444445,5384.72,SL,2.286549707603011,-1.0,-1.0,Setup A,Pattern 2,PIN_BAR,False,1
2026-03-02T12:29:00+00:00,2026-03-02T12:37:00+00:00,long,5386.67,5383.75,5397.673333333333,5397.673333333333,TP,3.7682648401824754,3.7682648401824754,3.7682648401824754,Setup A,Pattern 1,ENGULFING,True,9
2026-03-02T12:41:00+00:00,2026-03-02T12:44:00+00:00,long,5393.99,5392.45,5397.673333333333,5397.673333333333,TP,2.3917748917749875,2.3917748917749875,2.3917748917749875,Setup A,Pattern 2,PIN_BAR,False,4
2026-03-02T13:05:00+00:00,2026-03-02T13:06:00+00:00,long,5389.16,5387.79,5396.8775,5387.79,SL,5.63321167883238,-1.0,-1.0,Setup A,Pattern 2,PIN_BAR,False,2
2026-03-02T13:11:00+00:00,2026-03-02T13:15:00+00:00,long,5384.99,5382.41,5390.367,5390.367,TP,2.0841085271319995,2.0841085271319995,2.0841085271319995,Setup A,Pattern 2,PIN_BAR,False,5
2026-03-02T13:18:00+00:00,2026-03-02T13:20:00+00:00,long,5393.88,5391.87,5402.59,5391.87,SL,4.333333333332881,-1.0,-1.0,Setup A,Pattern 2,PIN_BAR,False,3
2026-03-02T13:22:00+00:00,2026-03-02T13:24:00+00:00,long,5392.0,5389.63,5397.673333333333,5389.63,SL,2.3938115330520833,-1.0,-1.0,Setup A,Pattern 2,PIN_BAR,False,3
2026-03-02T13:26:00+00:00,2026-03-02T13:27:00+00:00,long,5392.6,5388.73,5402.59,5392.6,BE,2.5813953488366193,0.0,0.0,Setup A,Pattern 1,ENGULFING,True,2
2026-03-02T13:42:00+00:00,2026-03-02T13:42:00+00:00,long,5395.2,5393.73,5402.59,5393.73,SL,5.027210884353093,-1.0,-1.0,Setup A,Pattern 2,PIN_BAR,False,1
2026-03-02T13:49:00+00:00,2026-03-02T13:49:00+00:00,long,5385.16,5381.28,5396.563333333333,5381.28,SL,2.9390034364258812,-1.0,-1.0,Setup A,Pattern 1,ENGULFING,False,1
2026-03-02T13:52:00+00:00,2026-03-02T13:54:00+00:00,long,5382.96,5379.86,5390.030833333333,5379.86,SL,2.2809139784943167,-1.0,-1.0,Setup A,Pattern 1,ENGULFING,False,3
2026-03-02T14:03:00+00:00,2026-03-02T14:12:00+00:00,long,5384.17,5380.64,5397.5625,5397.5625,TP,3.7939093484421793,3.7939093484421793,3.7939093484421793,Setup A,Pattern 1,ENGULFING,True,10
2026-03-02T15:20:00+00:00,2026-03-02T15:31:00+00:00,long,5394.07,5389.6,5412.116,5412.116,TP,4.037136465325038,4.037136465325038,4.037136465325038,Setup A,Pattern 1,ENGULFING,True,12
2026-03-02T15:50:00+00:00,2026-03-02T15:50:00+00:00,long,5394.92,5393.98,5397.1866666666665,5397.1866666666665,TP,2.411347517728932,2.411347517728932,2.411347517728932,Setup A,Pattern 2,PIN_BAR,False,1
2026-03-02T15:57:00+00:00,2026-03-02T15:57:00+00:00,long,5396.07,5394.32,5401.334,5394.32,SL,3.0080000000000706,-1.0,-1.0,Setup A,Pattern 2,PIN_BAR,False,1
2026-03-02T16:19:00+00:00,2026-03-02T16:19:00+00:00,long,5365.77,5361.3,5383.459999999999,5365.77,BE,3.9574944071583182,0.0,0.0,Setup A,Pattern 2,PIN_BAR,True,1
2026-03-02T16:21:00+00:00,2026-03-02T16:21:00+00:00,long,5366.18,5363.61,5383.459999999999,5363.61,SL,6.72373540855824,-1.0,-1.0,Setup A,Pattern 1,ENGULFING,False,1
2026-03-02T16:42:00+00:00,2026-03-02T16:44:00+00:00,long,5351.02,5347.44,5364.173636363636,5347.44,SL,3.674200101573442,-1.0,-1.0,Setup A,Pattern 2,PIN_BAR,False,3
2026-03-02T16:53:00+00:00,2026-03-02T17:00:00+00:00,long,5336.04,5320.78,5380.291111111112,5320.78,SL,2.899810688801508,-1.0,-1.0,Setup A,Pattern 2,PIN_BAR,False,8
2026-03-02T17:14:00+00:00,2026-03-02T17:17:00+00:00,long,5329.39,5324.48,5351.92375,5324.48,SL,4.589358452137697,-1.0,-1.0,Setup A,Pattern 2,PIN_BAR,False,4
2026-03-02T17:25:00+00:00,2026-03-02T17:28:00+00:00,long,5333.49,5327.34,5346.6050000000005,5327.34,SL,2.1325203252034908,-1.0,-1.0,Setup A,Pattern 2,PIN_BAR,False,4
2026-03-02T17:37:00+00:00,2026-03-02T17:45:00+00:00,long,5338.14,5336.07,5352.09375,5336.07,SL,6.740942028983335,-1.0,-1.0,Setup A,Pattern 2,PIN_BAR,False,9
2026-03-03T17:46:00+00:00,2026-03-03T17:46:00+00:00,short,5054.82,5064.76,5020.93,5064.76,SL,3.4094567404424225,-1.0,-1.0,Setup A,Pattern 1,ENGULFING,False,1
2026-03-03T17:49:00+00:00,2026-03-03T17:51:00+00:00,short,5071.02,5076.78,5020.93,5076.78,SL,8.696180555556625,-1.0,-1.0,Setup A,Pattern 2,PIN_BAR,False,3
2026-03-03T17:53:00+00:00,2026-03-03T17:54:00+00:00,short,5080.34,5084.0,5070.482,5084.0,SL,2.6934426229509745,-1.0,-1.0,Setup A,Pattern 2,PIN_BAR,False,2
2026-03-03T18:16:00+00:00,2026-03-03T18:21:00+00:00,short,5108.54,5113.69,5093.74,5113.69,SL,2.873786407767229,-1.0,-1.0,Setup A,Pattern 2,PIN_BAR,False,6
2026-03-03T18:29:00+00:00,2026-03-03T18:36:00+00:00,short,5117.02,5119.95,5093.74,5119.95,SL,7.945392491469478,-1.0,-1.0,Setup A,Pattern 2,PIN_BAR,False,8
2026-03-03T18:38:00+00:00,2026-03-03T19:01:00+00:00,short,5128.21,5134.7,5095.803333333333,5095.803333333333,TP,4.9933230611198525,4.9933230611198525,4.9933230611198525,Setup A,Pattern 2,PIN_BAR,False,24
2026-03-03T20:30:00+00:00,2026-03-03T20:31:00+00:00,short,5110.79,5117.17,5097.278333333334,5117.17,SL,2.1178160919539315,-1.0,-1.0,Setup A,Pattern 2,PIN_BAR,False,2
2026-03-03T20:33:00+00:00,2026-03-03T20:34:00+00:00,short,5109.7,5116.68,5075.015,5116.68,SL,4.96919770773598,-1.0,-1.0,Setup A,Pattern 1,ENGULFING,False,2
2026-03-03T20:36:00+00:00,2026-03-03T20:37:00+00:00,short,5115.75,5118.72,5107.5233333333335,5118.72,SL,2.769921436587796,-1.0,-1.0,Setup A,Pattern 2,PIN_BAR,False,2
2026-03-03T20:56:00+00:00,2026-03-03T20:57:00+00:00,short,5130.93,5136.69,5119.176,5136.69,SL,2.0406250000002286,-1.0,-1.0,Setup A,Pattern 1,ENGULFING,False,2
2026-03-03T21:01:00+00:00,2026-03-03T21:01:00+00:00,short,5136.24,5138.09,5125.37,5138.09,SL,5.8756756756744615,-1.0,-1.0,Setup A,Pattern 2,PIN_BAR,False,1
2026-03-03T21:05:00+00:00,2026-03-03T21:13:00+00:00,short,5139.74,5148.08,5110.195,5110.195,TP,3.5425659472421533,3.5425659472421533,3.5425659472421533,Setup A,Pattern 1,ENGULFING,True,9
2026-03-03T21:17:00+00:00,2026-03-03T21:45:00+00:00,short,5109.25,5121.21,5082.518,5121.21,SL,2.2351170568561782,-1.0,-1.0,Setup A,Pattern 1,ENGULFING,False,29
2026-03-03T22:18:00+00:00,2026-03-03T22:18:00+00:00,short,5116.77,5119.17,5106.1425,5119.17,SL,4.428125000000883,-1.0,-1.0,Setup A,Pattern 2,PIN_BAR,False,1
2026-03-03T22:30:00+00:00,2026-03-03T22:41:00+00:00,short,5122.98,5129.12,5106.1425,5106.1425,TP,2.742263843648003,2.742263843648003,2.742263843648003,Setup A,Pattern 1,ENGULFING,False,12
2026-03-04T01:19:00+00:00,2026-03-04T01:23:00+00:00,short,5117.2,5126.2,5097.99090909091,5126.2,SL,2.1343434343433625,-1.0,-1.0,Setup A,Pattern 1,ENGULFING,False,5
2026-03-04T01:32:00+00:00,2026-03-04T01:32:00+00:00,short,5123.67,5126.03,5113.762727272727,5126.03,SL,4.197996918336712,-1.0,-1.0,Setup A,Pattern 2,PIN_BAR,False,1
2026-03-04T01:49:00+00:00,2026-03-04T02:02:00+00:00,short,5125.99,5129.65,5114.010833333334,5114.010833333334,TP,3.272996357012715,3.272996357012715,3.272996357012715,Setup A,Pattern 1,ENGULFING,False,14
2026-03-04T02:13:00+00:00,2026-03-04T02:18:00+00:00,short,5117.04,5120.54,5106.356,5120.54,SL,3.052571428571485,-1.0,-1.0,Setup A,Pattern 2,PIN_BAR,False,6
2026-03-04T02:33:00+00:00,2026-03-04T02:41:00+00:00,short,5127.86,5129.96,5115.543076923077,5129.96,SL,5.865201465200245,-1.0,-1.0,Setup A,Pattern 1,ENGULFING,False,9
2026-03-04T02:44:00+00:00,2026-03-04T02:46:00+00:00,short,5134.61,5137.67,5126.69375,5137.67,SL,2.5870098039210045,-1.0,-1.0,Setup A,Pattern 2,PIN_BAR,False,3
2026-03-04T02:53:00+00:00,2026-03-04T02:59:00+00:00,short,5134.17,5139.41,5115.543076923077,5139.41,SL,3.554756312390043,-1.0,-1.0,Setup A,Pattern 1,ENGULFING,False,7
2026-03-04T17:01:00+00:00,2026-03-04T17:06:00+00:00,long,5153.66,5143.75,5177.91625,5143.75,SL,2.4476538849647547,-1.0,-1.0,Setup A,Pattern 1,ENGULFING,False,6
2026-03-04T17:08:00+00:00,2026-03-04T17:08:00+00:00,long,5149.18,5146.27,5163.713076923077,5146.27,SL,4.994184509648637,-1.0,-1.0,Setup A,Pattern 1,ENGULFING,False,1
2026-03-04T17:13:00+00:00,2026-03-04T17:13:00+00:00,long,5141.46,5137.72,5153.6030769230765,5137.72,SL,3.2468120115179646,-1.0,-1.0,Setup A,Pattern 2,PIN_BAR,False,1
2026-03-04T17:18:00+00:00,2026-03-04T17:27:00+00:00,long,5141.0,5134.32,5154.959411764706,5154.959411764706,TP,2.0897323001055517,2.0897323001055517,2.0897323001055517,Setup A,Pattern 1,ENGULFING,True,10
2026-03-04T17:49:00+00:00,2026-03-04T18:00:00+00:00,long,5137.87,5133.59,5155.824210526316,5155.824210526316,TP,4.194909001476015,4.194909001476015,4.194909001476015,Setup A,Pattern 2,PIN_BAR,True,12
2026-03-04T18:25:00+00:00,2026-03-04T18:25:00+00:00,long,5141.08,5138.36,5151.280000000001,5151.280000000001,TP,3.7499999999999165,3.7499999999999165,3.7499999999999165,Setup A,Pattern 2,PIN_BAR,False,1
2026-03-04T18:29:00+00:00,2026-03-04T18:29:00+00:00,long,5147.94,5144.64,5162.74,5144.64,SL,4.484848484849529,-1.0,-1.0,Setup A,Pattern 2,PIN_BAR,False,1
2026-03-04T18:46:00+00:00,2026-03-04T18:46:00+00:00,long,5148.27,5142.86,5163.718214285714,5148.27,BE,2.8554924742534267,0.0,0.0,Setup A,Pattern 2,PIN_BAR,True,1
2026-03-04T18:55:00+00:00,2026-03-04T18:55:00+00:00,long,5149.02,5147.14,5153.37,5147.14,SL,2.313829787233618,-1.0,-1.0,Setup A,Pattern 2,PIN_BAR,False,1
2026-03-04T18:58:00+00:00,2026-03-04T18:58:00+00:00,long,5147.57,5145.53,5153.37,5147.57,BE,2.843137254902101,0.0,0.0,Setup A,Pattern 3,MORNING_STAR,True,1
2026-03-04T19:37:00+00:00,2026-03-04T19:37:00+00:00,long,5137.24,5134.16,5145.389999999999,5134.16,SL,2.6461038961038406,-1.0,-1.0,Setup A,Pattern 1,ENGULFING,False,1
2026-03-04T19:42:00+00:00,2026-03-04T19:53:00+00:00,long,5136.7,5132.46,5145.389999999999,5145.389999999999,TP,2.0495283018868036,2.0495283018868036,2.0495283018868036,Setup A,Pattern 1,ENGULFING,False,12
2026-03-04T19:55:00+00:00,2026-03-04T19:56:00+00:00,long,5143.94,5142.83,5157.617916666667,5142.83,SL,12.322447447451781,-1.0,-1.0,Setup A,Pattern 2,PIN_BAR,False,2
2026-03-04T19:59:00+00:00,2026-03-04T19:59:00+00:00,long,5143.28,5140.99,5157.617916666667,5140.99,SL,6.261098981077522,-1.0,-1.0,Setup A,Pattern 1,ENGULFING,False,1
2026-03-04T20:03:00+00:00,2026-03-04T20:03:00+00:00,long,5138.62,5136.62,5145.67375,5136.62,SL,3.526875000000018,-1.0,-1.0,Setup A,Pattern 2,PIN_BAR,False,1
2026-03-04T20:08:00+00:00,2026-03-04T20:09:00+00:00,long,5136.66,5132.17,5145.67375,5132.17,SL,2.0075167037863055,-1.0,-1.0,Setup A,Pattern 1,ENGULFING,False,2
2026-03-04T20:16:00+00:00,2026-03-04T20:16:00+00:00,long,5124.17,5120.64,5133.950999999999,5120.64,SL,2.7708215297449703,-1.0,-1.0,Setup A,Pattern 2,PIN_BAR,False,1
2026-03-04T20:22:00+00:00,2026-03-04T20:38:00+00:00,long,5122.8,5115.58,5148.245384615385,5122.8,BE,3.5242914979755935,0.0,0.0,Setup A,Pattern 1,ENGULFING,True,17
2026-03-04T20:47:00+00:00,2026-03-04T20:47:00+00:00,long,5129.87,5125.28,5141.198888888889,5129.87,BE,2.468167513919137,0.0,0.0,Setup A,Pattern 1,ENGULFING,True,1
2026-03-04T20:50:00+00:00,2026-03-04T20:51:00+00:00,long,5132.31,5131.07,5141.198888888889,5131.07,SL,7.168458781357848,-1.0,-1.0,Setup A,Pattern 2,PIN_BAR,False,2
2026-03-04T21:37:00+00:00,2026-03-04T21:37:00+00:00,long,5128.34,5127.31,5136.417777777778,5127.31,SL,7.842502696873352,-1.0,-1.0,Setup A,Pattern 2,PIN_BAR,False,1
2026-03-04T21:41:00+00:00,2026-03-04T21:42:00+00:00,long,5129.9,5126.85,5136.417777777778,5129.9,BE,2.1369763205834817,0.0,0.0,Setup A,Pattern 1,ENGULFING,True,2
2026-03-04T21:47:00+00:00,2026-03-04T21:51:00+00:00,long,5131.96,5129.67,5136.77125,5131.96,BE,2.1009825327510137,0.0,0.0,Setup A,Pattern 2,PIN_BAR,True,5
2026-03-04T21:53:00+00:00,2026-03-04T21:55:00+00:00,long,5133.05,5132.09,5136.77125,5136.77125,TP,3.8763020833327695,3.8763020833327695,3.8763020833327695,Setup A,Pattern 2,PIN_BAR,True,3
2026-03-04T21:57:00+00:00,2026-03-04T21:57:00+00:00,long,5138.88,5137.58,5144.611428571428,5137.58,SL,4.4087912087903804,-1.0,-1.0,Setup A,Pattern 2,PIN_BAR,False,1
2026-03-10T14:01:00+00:00,2026-03-10T14:04:00+00:00,long,5178.85,5176.54,5184.286363636364,5178.85,BE,2.35340417158541,0.0,0.0,Setup A,Pattern 1,ENGULFING,True,4
2026-03-10T14:08:00+00:00,2026-03-10T14:08:00+00:00,long,5186.75,5184.4,5194.58,5186.75,BE,3.3319148936164744,0.0,0.0,Setup A,Pattern 2,PIN_BAR,True,1
2026-03-10T14:51:00+00:00,2026-03-10T15:00:00+00:00,long,5177.0,5172.51,5189.14,5172.51,SL,2.7037861915369525,-1.0,-1.0,Setup A,Pattern 1,ENGULFING,False,10
2026-03-10T15:11:00+00:00,2026-03-10T15:11:00+00:00,long,5169.42,5165.33,5179.458,5169.42,BE,2.454278728606161,0.0,0.0,Setup A,Pattern 1,ENGULFING,True,1
2026-03-10T15:24:00+00:00,2026-03-10T15:24:00+00:00,long,5175.63,5174.85,5179.458,5174.85,SL,4.907692307693294,-1.0,-1.0,Setup A,Pattern 2,PIN_BAR,False,1
2026-03-10T15:29:00+00:00,2026-03-10T15:29:00+00:00,long,5179.36,5177.46,5184.161538461539,5179.36,BE,2.5271255060737294,0.0,0.0,Setup A,Pattern 2,PIN_BAR,True,1
2026-03-16T05:01:00+00:00,2026-03-16T05:01:00+00:00,short,5016.36,5018.54,5009.326666666667,5018.54,SL,3.226299694188949,-1.0,-1.0,Setup A,Pattern 2,PIN_BAR,False,1
2026-03-16T05:03:00+00:00,2026-03-16T05:15:00+00:00,short,5012.87,5017.2,4999.878333333333,5017.2,SL,3.0003849114704404,-1.0,-1.0,Setup A,Pattern 1,ENGULFING,False,13
2026-03-16T05:17:00+00:00,2026-03-16T05:20:00+00:00,short,5012.78,5017.84,4999.878333333333,5017.84,SL,2.549736495388463,-1.0,-1.0,Setup A,Pattern 1,ENGULFING,False,4
2026-03-16T05:24:00+00:00,2026-03-16T05:30:00+00:00,short,5015.49,5017.24,5009.4580000000005,5009.4580000000005,TP,3.4468571428567105,3.4468571428567105,3.4468571428567105,Setup A,Pattern 1,ENGULFING,False,7
2026-03-16T05:36:00+00:00,2026-03-16T05:37:00+00:00,short,5005.75,5009.09,4989.469999999999,5009.09,SL,4.874251497005972,-1.0,-1.0,Setup A,Pattern 1,ENGULFING,False,2
2026-03-16T05:44:00+00:00,2026-03-16T05:44:00+00:00,short,5004.76,5006.83,5000.512857142857,5006.83,SL,2.0517598343691024,-1.0,-1.0,Setup A,Pattern 2,PIN_BAR,False,1
2026-03-16T06:36:00+00:00,2026-03-16T06:37:00+00:00,short,5012.32,5013.9,4999.621,5013.9,SL,8.037341772152025,-1.0,-1.0,Setup A,Pattern 1,ENGULFING,False,2
2026-03-16T06:44:00+00:00,2026-03-16T06:44:00+00:00,short,5014.44,5014.99,5011.756666666667,5014.99,SL,4.878787878784721,-1.0,-1.0,Setup A,Pattern 2,PIN_BAR,False,1
2026-03-16T06:51:00+00:00,2026-03-16T06:51:00+00:00,short,5019.07,5019.85,5017.49,5017.49,TP,2.025641025639232,2.025641025639232,2.025641025639232,Setup A,Pattern 2,PIN_BAR,False,1
2026-03-16T06:56:00+00:00,2026-03-16T07:01:00+00:00,short,5018.84,5020.64,5010.796666666666,5020.64,SL,4.468518518518424,-1.0,-1.0,Setup A,Pattern 1,ENGULFING,False,6
2026-03-16T07:03:00+00:00,2026-03-16T07:15:00+00:00,short,5023.41,5026.04,5017.081,5026.04,SL,2.4064638783267913,-1.0,-1.0,Setup A,Pattern 2,PIN_BAR,False,13
2026-03-16T07:21:00+00:00,2026-03-16T07:25:00+00:00,short,5024.57,5026.13,5020.862307692308,5020.862307692308,TP,2.3767258382635017,2.3767258382635017,2.3767258382635017,Setup A,Pattern 2,PIN_BAR,False,5
2026-03-16T07:30:00+00:00,2026-03-16T07:32:00+00:00,short,5021.43,5022.31,5018.780714285714,5021.43,BE,3.01055194805262,0.0,0.0,Setup A,Pattern 2,PIN_BAR,True,3
2026-03-16T07:39:00+00:00,2026-03-16T07:41:00+00:00,short,5018.88,5019.53,5014.8533333333335,5014.8533333333335,TP,6.194871794875224,6.194871794875224,6.194871794875224,Setup A,Pattern 2,PIN_BAR,False,3
2026-03-16T07:47:00+00:00,2026-03-16T08:31:00+00:00,short,5015.8,5018.93,5006.58,5006.58,TP,2.945686900958445,2.945686900958445,2.945686900958445,Setup B,Pattern 3,EVENING_STAR,True,45
2026-03-16T08:48:00+00:00,2026-03-16T08:53:00+00:00,short,5016.91,5017.89,5014.030909090909,5017.89,SL,2.9378478664182213,-1.0,-1.0,Setup A,Pattern 2,PIN_BAR,False,6
2026-03-16T08:56:00+00:00,2026-03-16T09:09:00+00:00,short,5016.96,5020.0,5009.7072727272725,5020.0,SL,2.385765550239337,-1.0,-1.0,Setup A,Pattern 1,ENGULFING,False,14
2026-03-16T09:12:00+00:00,2026-03-16T09:13:00+00:00,short,5021.39,5022.94,5017.831,5022.94,SL,2.296129032259269,-1.0,-1.0,Setup A,Pattern 1,ENGULFING,False,2
2026-03-16T09:25:00+00:00,2026-03-16T09:40:00+00:00,short,5027.82,5030.5,5021.8025,5021.8025,TP,2.245335820895251,2.245335820895251,2.245335820895251,Setup A,Pattern 1,ENGULFING,False,16
2026-03-16T09:44:00+00:00,2026-03-16T09:44:00+00:00,short,5023.31,5024.0,5021.8025,5024.0,SL,2.1847826086978155,-1.0,-1.0,Setup A,Pattern 1,ENGULFING,False,1
2026-03-16T11:32:00+00:00,2026-03-16T11:39:00+00:00,short,4996.01,4998.58,4988.1900000000005,4988.1900000000005,TP,3.0428015564204647,3.0428015564204647,3.0428015564204647,Setup A,Pattern 2,PIN_BAR,False,8
2026-03-16T22:30:00+00:00,2026-03-16T22:30:00+00:00,long,5010.38,5009.76,5016.384166666667,5009.76,SL,9.684139784947844,-1.0,-1.0,Setup A,Pattern 1,ENGULFING,False,1
2026-03-16T22:37:00+00:00,2026-03-16T22:48:00+00:00,long,5013.74,5008.84,5025.616666666666,5008.84,SL,2.4238095238095876,-1.0,-1.0,Setup A,Pattern 1,ENGULFING,False,12
2026-03-16T23:55:00+00:00,2026-03-17T01:02:00+00:00,long,5006.29,5004.7,5014.296666666666,5014.296666666666,TP,5.035639412997153,5.035639412997153,5.035639412997153,Setup A,Pattern 2,PIN_BAR,False,6
2026-03-17T01:13:00+00:00,2026-03-17T01:13:00+00:00,long,5004.34,5000.72,5014.296666666666,5004.34,BE,2.750460405156443,0.0,0.0,Setup A,Pattern 2,PIN_BAR,True,1
2026-03-17T01:28:00+00:00,2026-03-17T01:28:00+00:00,long,5001.66,4999.65,5006.6336363636365,4999.65,SL,2.474445952057749,-1.0,-1.0,Setup A,Pattern 1,ENGULFING,False,1
2026-03-17T01:30:00+00:00,2026-03-17T01:30:00+00:00,long,5001.76,5000.97,5006.766666666666,5000.97,SL,6.337552742615742,-1.0,-1.0,Setup A,Pattern 1,ENGULFING,False,1
2026-03-17T01:32:00+00:00,2026-03-17T01:48:00+00:00,long,5003.91,5000.13,5014.425384615384,5003.91,BE,2.78184778184791,0.0,0.0,Setup A,Pattern 1,ENGULFING,True,17
2026-03-17T01:51:00+00:00,2026-03-17T01:51:00+00:00,long,5005.64,5004.52,5009.583333333333,5005.64,BE,3.520833333333113,0.0,0.0,Setup A,Pattern 2,PIN_BAR,True,1
2026-03-17T02:05:00+00:00,2026-03-17T02:05:00+00:00,long,5005.25,5004.72,5006.586428571429,5004.72,SL,2.5215633423196433,-1.0,-1.0,Setup A,Pattern 2,PIN_BAR,False,1
2026-03-17T02:09:00+00:00,2026-03-17T02:09:00+00:00,long,5004.86,5002.76,5010.553333333333,5004.86,BE,2.7111111111119484,0.0,0.0,Setup A,Pattern 3,MORNING_STAR,True,1
2026-03-17T02:12:00+00:00,2026-03-17T02:12:00+00:00,long,5005.31,5004.78,5006.586428571429,5004.78,SL,2.4083557951448897,-1.0,-1.0,Setup A,Pattern 2,PIN_BAR,False,1
2026-03-17T02:14:00+00:00,2026-03-17T02:14:00+00:00,long,5005.33,5004.8,5006.586428571429,5005.33,BE,2.370619946093293,0.0,0.0,Setup A,Pattern 1,ENGULFING,True,1
2026-03-19T08:19:00+00:00,2026-03-19T08:19:00+00:00,short,4851.81,4852.8,4847.92,4852.8,SL,3.9292929292941263,-1.0,-1.0,Setup A,Pattern 1,ENGULFING,False,1
2026-03-19T08:21:00+00:00,2026-03-19T08:26:00+00:00,short,4853.09,4853.79,4847.92,4847.92,TP,7.3857142857163085,7.3857142857163085,7.3857142857163085,Setup A,Pattern 2,PIN_BAR,False,6
2026-03-19T08:28:00+00:00,2026-03-19T08:28:00+00:00,short,4847.69,4848.88,4843.78,4847.69,BE,3.285714285712757,0.0,0.0,Setup A,Pattern 2,PIN_BAR,True,1
2026-03-19T12:30:00+00:00,2026-03-19T12:30:00+00:00,short,4709.1,4712.97,4697.49,4712.97,SL,3.000000000000235,-1.0,-1.0,Setup A,Pattern 2,PIN_BAR,False,1
2026-03-19T14:18:00+00:00,2026-03-19T14:19:00+00:00,short,4680.26,4684.42,4670.59,4684.42,SL,2.3245192307693294,-1.0,-1.0,Setup A,Pattern 1,ENGULFING,False,2
2026-03-19T14:22:00+00:00,2026-03-19T14:22:00+00:00,short,4688.78,4691.4,4670.59,4691.4,SL,6.94274809160319,-1.0,-1.0,Setup A,Pattern 2,PIN_BAR,False,1
2026-03-19T14:28:00+00:00,2026-03-19T14:29:00+00:00,short,4683.68,4685.73,4670.59,4685.73,SL,6.385365853660874,-1.0,-1.0,Setup A,Pattern 2,PIN_BAR,False,2
2026-03-19T16:30:00+00:00,2026-03-19T16:32:00+00:00,short,4574.94,4581.23,4527.4349999999995,4581.23,SL,7.552464228934878,-1.0,-1.0,Setup A,Pattern 2,PIN_BAR,False,3
2026-03-19T17:02:00+00:00,2026-03-19T17:02:00+00:00,short,4635.34,4641.84,4612.9975,4641.84,SL,3.437307692307653,-1.0,-1.0,Setup A,Pattern 2,PIN_BAR,False,1
2026-03-19T17:08:00+00:00,2026-03-19T17:11:00+00:00,short,4625.95,4634.66,4531.243333333333,4634.66,SL,10.873325679295814,-1.0,-1.0,Setup A,Pattern 2,PIN_BAR,False,4
2026-03-19T17:16:00+00:00,2026-03-19T18:06:00+00:00,short,4618.1,4635.54,4531.243333333333,4635.54,SL,4.980313455657654,-1.0,-1.0,Setup A,Pattern 1,ENGULFING,False,51
2026-03-19T18:16:00+00:00,2026-03-19T18:32:00+00:00,short,4618.66,4629.3,4584.735,4584.735,TP,3.188439849623979,3.188439849623979,3.188439849623979,Setup A,Pattern 1,ENGULFING,False,17
2026-03-19T19:16:00+00:00,2026-03-19T19:19:00+00:00,short,4604.42,4607.95,4587.22625,4607.95,SL,4.870750708215752,-1.0,-1.0,Setup A,Pattern 2,PIN_BAR,False,4
2026-03-19T19:23:00+00:00,2026-03-19T19:35:00+00:00,short,4610.15,4617.07,4587.22625,4587.22625,TP,3.312680635838105,3.312680635838105,3.312680635838105,Setup A,Pattern 1,ENGULFING,False,13
2026-03-19T19:43:00+00:00,2026-03-19T19:52:00+00:00,short,4600.98,4608.38,4585.428888888889,4585.428888888889,TP,2.10150150150132,2.10150150150132,2.10150150150132,Setup A,Pattern 1,ENGULFING,False,10
2026-03-19T20:37:00+00:00,2026-03-19T20:37:00+00:00,short,4601.05,4603.38,4583.61,4603.38,SL,7.4849785407729845,-1.0,-1.0,Setup A,Pattern 2,PIN_BAR,False,1
2026-03-19T20:41:00+00:00,2026-03-19T20:41:00+00:00,short,4604.79,4608.77,4583.61,4608.77,SL,5.321608040200446,-1.0,-1.0,Setup A,Pattern 2,PIN_BAR,False,1
2026-03-19T20:43:00+00:00,2026-03-19T20:44:00+00:00,short,4604.83,4608.67,4583.61,4608.67,SL,5.526041666666524,-1.0,-1.0,Setup A,Pattern 1,ENGULFING,False,2
2026-03-19T21:00:00+00:00,2026-03-19T21:00:00+00:00,short,4615.37,4618.05,4602.717272727273,4618.05,SL,4.721166892808119,-1.0,-1.0,Setup A,Pattern 2,PIN_BAR,False,1
2026-03-19T21:03:00+00:00,2026-03-19T21:58:00+00:00,short,4606.76,4619.01,4580.441111111111,4619.01,SL,2.14848072562359,-1.0,-1.0,Setup A,Pattern 1,ENGULFING,False,56
2026-03-19T22:35:00+00:00,2026-03-19T22:56:00+00:00,short,4646.23,4649.18,4631.455,4649.18,SL,5.008474576269828,-1.0,-1.0,Setup A,Pattern 2,PIN_BAR,False,22
2026-03-19T23:16:00+00:00,2026-03-19T23:18:00+00:00,short,4653.88,4656.62,4640.700000000001,4656.62,SL,4.810218978102347,-1.0,-1.0,Setup A,Pattern 2,PIN_BAR,False,3
2026-03-19T23:25:00+00:00,2026-03-19T23:26:00+00:00,short,4658.84,4660.14,4649.7225,4660.14,SL,7.013461538460781,-1.0,-1.0,Setup A,Pattern 2,PIN_BAR,False,2
2026-03-19T23:29:00+00:00,2026-03-19T23:51:00+00:00,short,4658.82,4660.29,4649.7225,4660.29,SL,6.188775510202911,-1.0,-1.0,Setup A,Pattern 2,PIN_BAR,False,23
2026-03-19T23:55:00+00:00,2026-03-19T23:55:00+00:00,short,4657.33,4658.16,4649.79,4658.16,SL,9.084337349398343,-1.0,-1.0,Setup A,Pattern 2,PIN_BAR,False,1
2026-03-19T23:57:00+00:00,2026-03-19T23:57:00+00:00,short,4656.19,4658.17,4649.79,4658.17,SL,3.2323232323222766,-1.0,-1.0,Setup A,Pattern 1,ENGULFING,False,1
2026-03-20T01:02:00+00:00,2026-03-20T01:03:00+00:00,short,4658.69,4661.3,4649.79,4661.3,SL,3.409961685822855,-1.0,-1.0,Setup A,Pattern 2,PIN_BAR,False,2
2026-03-20T01:11:00+00:00,2026-03-20T01:12:00+00:00,short,4664.13,4666.94,4655.12,4666.94,SL,3.206405693950837,-1.0,-1.0,Setup A,Pattern 3,EVENING_STAR,False,2
2026-03-20T01:23:00+00:00,2026-03-20T01:23:00+00:00,short,4667.03,4670.63,4654.336666666667,4667.03,BE,3.5259259259253946,0.0,0.0,Setup A,Pattern 1,ENGULFING,True,1
2026-03-20T01:29:00+00:00,2026-03-20T01:34:00+00:00,short,4666.02,4670.62,4654.336666666667,4654.336666666667,TP,2.5398550724640825,2.5398550724640825,2.5398550724640825,Setup A,Pattern 2,PIN_BAR,False,6
2026-03-20T01:37:00+00:00,2026-03-20T01:37:00+00:00,short,4654.68,4656.4,4649.79,4656.4,SL,2.8430232558152264,-1.0,-1.0,Setup A,Pattern 2,PIN_BAR,False,1
2026-03-20T03:16:00+00:00,2026-03-20T03:16:00+00:00,short,4662.18,4662.87,4659.781666666667,4662.87,SL,3.475845410630334,-1.0,-1.0,Setup A,Pattern 2,PIN_BAR,False,1
2026-03-20T03:31:00+00:00,2026-03-20T03:38:00+00:00,short,4648.38,4651.64,4636.713333333334,4651.64,SL,3.5787321063390425,-1.0,-1.0,Setup A,Pattern 2,PIN_BAR,False,8
2026-03-20T03:44:00+00:00,2026-03-20T03:45:00+00:00,short,4655.73,4656.53,4649.856428571429,4656.53,SL,7.341964285711278,-1.0,-1.0,Setup A,Pattern 3,EVENING_STAR,False,2
2026-03-20T03:49:00+00:00,2026-03-20T03:54:00+00:00,short,4657.98,4659.19,4649.856428571429,4659.19,SL,6.713695395512491,-1.0,-1.0,Setup A,Pattern 2,PIN_BAR,False,6
2026-03-20T03:57:00+00:00,2026-03-20T04:00:00+00:00,short,4651.98,4653.74,4643.6900000000005,4653.74,SL,4.710227272726151,-1.0,-1.0,Setup A,Pattern 2,PIN_BAR,False,4
2026-03-20T04:16:00+00:00,2026-03-20T04:17:00+00:00,short,4652.24,4658.14,4633.201818181818,4658.14,SL,3.226810477657554,-1.0,-1.0,Setup A,Pattern 2,PIN_BAR,False,2
2026-03-20T04:19:00+00:00,2026-03-20T04:27:00+00:00,short,4650.69,4657.3,4633.201818181818,4657.3,SL,2.6457158575158255,-1.0,-1.0,Setup A,Pattern 1,ENGULFING,False,9
2026-03-23T01:17:00+00:00,2026-03-23T01:17:00+00:00,short,4507.43,4509.25,4497.0,4509.25,SL,5.730769230770307,-1.0,-1.0,Setup A,Pattern 1,ENGULFING,False,1
2026-03-23T01:20:00+00:00,2026-03-23T01:21:00+00:00,short,4514.29,4520.85,4497.0,4520.85,SL,2.6356707317071506,-1.0,-1.0,Setup A,Pattern 2,PIN_BAR,False,2
2026-03-23T01:30:00+00:00,2026-03-23T01:47:00+00:00,short,4524.32,4533.03,4504.675,4504.675,TP,2.2554535017220947,2.2554535017220947,2.2554535017220947,Setup A,Pattern 1,ENGULFING,False,18
2026-03-23T01:49:00+00:00,2026-03-23T01:50:00+00:00,short,4505.48,4508.71,4491.401666666667,4508.71,SL,4.358617131062186,-1.0,-1.0,Setup A,Pattern 2,PIN_BAR,False,2
2026-03-23T04:30:00+00:00,2026-03-23T04:30:00+00:00,short,4421.85,4424.81,4405.799999999999,4424.81,SL,5.422297297297599,-1.0,-1.0,Setup A,Pattern 2,PIN_BAR,False,1
2026-03-23T04:37:00+00:00,2026-03-23T04:37:00+00:00,short,4435.3,4439.25,4424.085,4439.25,SL,2.8392405063292814,-1.0,-1.0,Setup A,Pattern 2,PIN_BAR,False,1
2026-03-23T07:00:00+00:00,2026-03-23T07:00:00+00:00,short,4352.8,4354.55,4330.505999999999,4354.55,SL,12.739428571429016,-1.0,-1.0,Setup A,Pattern 2,PIN_BAR,False,1
2026-03-23T07:05:00+00:00,2026-03-23T07:06:00+00:00,short,4362.5,4365.02,4352.5225,4365.02,SL,3.9593253968246964,-1.0,-1.0,Setup A,Pattern 2,PIN_BAR,False,2
2026-03-23T07:09:00+00:00,2026-03-23T07:17:00+00:00,short,4366.94,4370.15,4352.5225,4370.15,SL,4.4914330218066665,-1.0,-1.0,Setup A,Pattern 2,PIN_BAR,False,9
2026-03-23T07:19:00+00:00,2026-03-23T07:24:00+00:00,short,4367.67,4369.52,4352.598,4369.52,SL,8.147027027025487,-1.0,-1.0,Setup A,Pattern 1,ENGULFING,False,6
2026-03-23T07:27:00+00:00,2026-03-23T07:27:00+00:00,short,4370.09,4370.48,4352.598,4370.48,SL,44.85128205134948,-1.0,-1.0,Setup A,Pattern 2,PIN_BAR,False,1
2026-03-23T07:34:00+00:00,2026-03-23T07:35:00+00:00,short,4360.86,4367.34,4330.505999999999,4367.34,SL,4.684259259258959,-1.0,-1.0,Setup A,Pattern 3,EVENING_STAR,False,2
2026-03-23T07:47:00+00:00,2026-03-23T07:50:00+00:00,short,4373.95,4376.49,4367.957777777778,4367.957777777778,TP,2.35914260717411,2.35914260717411,2.35914260717411,Setup A,Pattern 1,ENGULFING,False,4
2026-03-23T08:03:00+00:00,2026-03-23T08:22:00+00:00,short,4376.2,4380.13,4360.6866666666665,4360.6866666666665,TP,3.9474130619165835,3.9474130619165835,3.9474130619165835,Setup A,Pattern 2,PIN_BAR,False,20
2026-03-23T08:24:00+00:00,2026-03-23T08:30:00+00:00,short,4358.82,4361.25,4350.538,4350.538,TP,3.4082304526745517,3.4082304526745517,3.4082304526745517,Setup A,Pattern 2,PIN_BAR,False,7
2026-03-23T11:41:00+00:00,2026-03-23T11:41:00+00:00,short,4238.01,4242.32,4216.42,4242.32,SL,5.009280742460023,-1.0,-1.0,Setup A,Pattern 2,PIN_BAR,False,1
2026-03-23T11:48:00+00:00,2026-03-23T11:50:00+00:00,short,4255.61,4260.77,4234.7699999999995,4234.7699999999995,TP,4.0387596899219105,4.0387596899219105,4.0387596899219105,Setup A,Pattern 2,PIN_BAR,False,3
2026-03-23T11:54:00+00:00,2026-03-23T11:58:00+00:00,short,4234.78,4240.39,4213.145,4240.39,SL,3.856506238858657,-1.0,-1.0,Setup A,Pattern 2,PIN_BAR,False,5
2026-03-23T12:26:00+00:00,2026-03-23T12:27:00+00:00,short,4289.82,4295.74,4265.236666666667,4295.74,SL,4.152590090089988,-1.0,-1.0,Setup A,Pattern 2,PIN_BAR,False,2
2026-03-23T12:32:00+00:00,2026-03-23T12:37:00+00:00,short,4297.12,4306.71,4265.567142857143,4265.567142857143,TP,3.2901832265752096,3.2901832265752096,3.2901832265752096,Setup A,Pattern 1,ENGULFING,False,6
2026-03-23T13:30:00+00:00,2026-03-23T13:50:00+00:00,short,4267.98,4270.49,4236.3150000000005,4270.49,SL,12.615537848604104,-1.0,-1.0,Setup A,Pattern 2,PIN_BAR,False,21
2026-03-23T14:03:00+00:00,2026-03-23T14:05:00+00:00,short,4289.53,4295.5,4267.683,4295.5,SL,3.6594639865994676,-1.0,-1.0,Setup A,Pattern 2,PIN_BAR,False,3
2026-03-23T14:16:00+00:00,2026-03-23T14:34:00+00:00,short,4419.3,4461.38,4328.467142857143,4419.3,BE,2.1585755024443336,0.0,0.0,Setup A,Pattern 1,ENGULFING,True,19
2026-03-23T14:41:00+00:00,2026-03-23T14:43:00+00:00,short,4390.16,4406.43,4350.75,4406.43,SL,2.4222495390288135,-1.0,-1.0,Setup A,Pattern 1,ENGULFING,False,3
2026-03-23T14:47:00+00:00,2026-03-23T14:53:00+00:00,short,4399.67,4414.68,4350.75,4399.67,BE,3.259160559626873,0.0,0.0,Setup A,Pattern 1,ENGULFING,True,7
2026-03-23T15:48:00+00:00,2026-03-23T15:48:00+00:00,short,4450.37,4454.25,4411.29125,4454.25,SL,10.071842783504787,-1.0,-1.0,Setup A,Pattern 2,PIN_BAR,False,1
2026-03-23T15:51:00+00:00,2026-03-23T15:51:00+00:00,short,4461.62,4474.39,4411.29125,4474.39,SL,3.941170712607514,-1.0,-1.0,Setup A,Pattern 2,PIN_BAR,False,1
2026-03-23T15:55:00+00:00,2026-03-23T15:55:00+00:00,short,4467.66,4473.93,4411.29125,4473.93,SL,8.990231259967418,-1.0,-1.0,Setup A,Pattern 2,PIN_BAR,False,1
2026-03-23T16:05:00+00:00,2026-03-23T16:05:00+00:00,short,4453.62,4460.61,4429.175454545454,4453.62,BE,3.497073741709084,0.0,0.0,Setup A,Pattern 2,PIN_BAR,True,1
2026-03-23T16:07:00+00:00,2026-03-23T16:08:00+00:00,short,4436.27,4446.09,4404.2699999999995,4446.09,SL,3.258655804480841,-1.0,-1.0,Setup A,Pattern 2,PIN_BAR,False,2
2026-03-23T16:13:00+00:00,2026-03-23T16:14:00+00:00,short,4453.66,4459.99,4429.175454545454,4453.66,BE,3.8680166594859364,0.0,0.0,Setup A,Pattern 2,PIN_BAR,True,2
2026-03-23T16:16:00+00:00,2026-03-23T16:25:00+00:00,short,4448.34,4452.85,4413.58125,4413.58125,TP,7.707039911307823,7.707039911307823,7.707039911307823,Setup A,Pattern 2,PIN_BAR,False,10
2026-03-23T16:28:00+00:00,2026-03-23T16:35:00+00:00,short,4415.65,4425.83,4372.2396,4425.83,SL,4.264282907661936,-1.0,-1.0,Setup A,Pattern 2,PIN_BAR,False,8
2026-03-23T17:10:00+00:00,2026-03-23T17:10:00+00:00,short,4462.07,4465.03,4416.915,4465.03,SL,15.255067567567295,-1.0,-1.0,Setup A,Pattern 2,PIN_BAR,False,1
2026-03-23T17:13:00+00:00,2026-03-23T17:15:00+00:00,short,4462.59,4471.34,4416.915,4471.34,SL,5.220000000000021,-1.0,-1.0,Setup A,Pattern 2,PIN_BAR,False,3
2026-03-23T17:35:00+00:00,2026-03-23T17:35:00+00:00,short,4493.23,4499.83,4458.314285714286,4499.83,SL,5.290259740259386,-1.0,-1.0,Setup A,Pattern 1,ENGULFING,False,1
2026-03-23T17:45:00+00:00,2026-03-23T17:45:00+00:00,short,4479.8,4483.9,4459.8125,4479.8,BE,4.875000000000693,0.0,0.0,Setup A,Pattern 2,PIN_BAR,True,1
2026-03-23T17:59:00+00:00,2026-03-23T18:00:00+00:00,short,4470.47,4474.22,4459.8125,4459.8125,TP,2.842000000000068,2.842000000000068,2.842000000000068,Setup A,Pattern 2,PIN_BAR,False,2
2026-03-23T19:52:00+00:00,2026-03-23T19:52:00+00:00,short,4379.67,4387.15,4359.156153846154,4387.15,SL,2.7424928013165126,-1.0,-1.0,Setup A,Pattern 1,ENGULFING,False,1
2026-03-23T19:55:00+00:00,2026-03-23T20:07:00+00:00,short,4388.38,4391.52,4359.156153846154,4388.38,BE,9.306957373835447,0.0,0.0,Setup A,Pattern 2,PIN_BAR,True,13
2026-03-23T20:16:00+00:00,2026-03-23T20:17:00+00:00,short,4398.5,4400.51,4376.5779999999995,4400.51,SL,10.906467661690597,-1.0,-1.0,Setup A,Pattern 2,PIN_BAR,False,2
2026-03-23T20:21:00+00:00,2026-03-23T20:22:00+00:00,short,4389.93,4398.43,4353.846,4398.43,SL,4.245176470588323,-1.0,-1.0,Setup A,Pattern 1,ENGULFING,False,2
2026-03-23T20:25:00+00:00,2026-03-23T20:25:00+00:00,short,4398.91,4402.59,4376.5779999999995,4402.59,SL,6.068478260869176,-1.0,-1.0,Setup A,Pattern 2,PIN_BAR,False,1
2026-03-23T20:28:00+00:00,2026-03-23T20:31:00+00:00,short,4409.83,4413.72,4376.5779999999995,4413.72,SL,8.548071979433832,-1.0,-1.0,Setup A,Pattern 2,PIN_BAR,False,4
2026-03-23T20:46:00+00:00,2026-03-23T20:47:00+00:00,short,4420.35,4422.16,4416.1225,4416.1225,TP,2.3356353591166594,2.3356353591166594,2.3356353591166594,Setup A,Pattern 2,PIN_BAR,False,2
2026-03-23T20:54:00+00:00,2026-03-23T20:54:00+00:00,short,4417.88,4422.79,4404.598333333333,4422.79,SL,2.705023761032005,-1.0,-1.0,Setup A,Pattern 2,PIN_BAR,False,1
2026-03-23T20:59:00+00:00,2026-03-23T21:07:00+00:00,short,4426.82,4429.79,4416.1225,4416.1225,TP,3.6018518518513103,3.6018518518513103,3.6018518518513103,Setup A,Pattern 1,ENGULFING,False,9
2026-03-27T03:02:00+00:00,2026-03-27T03:02:00+00:00,short,4407.39,4409.09,4398.38,4409.09,SL,5.300000000000695,-1.0,-1.0,Setup A,Pattern 2,PIN_BAR,False,1
2026-03-27T03:04:00+00:00,2026-03-27T03:19:00+00:00,short,4409.74,4411.09,4398.38,4398.38,TP,8.414814814812305,8.414814814812305,8.414814814812305,Setup A,Pattern 2,PIN_BAR,True,16
2026-03-27T04:38:00+00:00,2026-03-27T04:39:00+00:00,short,4411.13,4414.14,4405.01,4414.14,SL,2.0332225913619424,-1.0,-1.0,Setup A,Pattern 1,ENGULFING,False,2
2026-03-27T04:48:00+00:00,2026-03-27T04:48:00+00:00,short,4415.08,4416.21,4403.1849999999995,4416.21,SL,10.526548672565742,-1.0,-1.0,Setup A,Pattern 2,PIN_BAR,False,1
2026-03-27T05:17:00+00:00,2026-03-27T05:17:00+00:00,short,4434.71,4435.98,4427.84,4435.98,SL,5.409448818899566,-1.0,-1.0,Setup A,Pattern 1,ENGULFING,False,1
2026-03-27T05:26:00+00:00,2026-03-27T05:47:00+00:00,short,4430.67,4434.47,4418.09875,4434.47,SL,3.3082236842103585,-1.0,-1.0,Setup A,Pattern 2,PIN_BAR,False,22
2026-03-27T05:54:00+00:00,2026-03-27T06:39:00+00:00,short,4432.42,4440.56,4414.1025,4440.56,SL,2.250307125307048,-1.0,-1.0,Setup B,Pattern 2,PIN_BAR,False,46
2026-03-27T22:35:00+00:00,2026-03-27T22:35:00+00:00,long,4521.31,4520.08,4527.9800000000005,4520.08,SL,5.422764227640251,-1.0,-1.0,Setup A,Pattern 2,PIN_BAR,False,1
2026-03-27T22:50:00+00:00,2026-03-27T22:54:00+00:00,long,4508.88,4506.14,4516.4475,4516.4475,TP,2.761861313868873,2.761861313868873,2.761861313868873,Setup A,Pattern 1,ENGULFING,False,5
2026-03-27T23:17:00+00:00,2026-03-27T23:19:00+00:00,long,4510.23,4507.38,4517.182,4507.38,SL,2.439298245614581,-1.0,-1.0,Setup A,Pattern 1,ENGULFING,False,3
2026-03-27T23:22:00+00:00,2026-03-27T23:26:00+00:00,long,4507.18,4504.98,4517.182,4504.98,SL,4.546363636361905,-1.0,-1.0,Setup A,Pattern 2,PIN_BAR,False,5
2026-03-27T23:28:00+00:00,2026-03-27T23:28:00+00:00,long,4507.87,4505.5,4517.182,4505.5,SL,3.929113924050771,-1.0,-1.0,Setup A,Pattern 1,ENGULFING,False,1
2026-03-27T23:34:00+00:00,2026-03-27T23:40:00+00:00,long,4504.31,4502.45,4511.223333333333,4511.223333333333,TP,3.7168458781348352,3.7168458781348352,3.7168458781348352,Setup A,Pattern 2,PIN_BAR,False,7
2026-03-27T23:45:00+00:00,2026-03-27T23:49:00+00:00,long,4505.76,4498.72,4523.088888888889,4498.72,SL,2.461489898989955,-1.0,-1.0,Setup A,Pattern 2,PIN_BAR,False,5
2026-03-30T01:05:00+00:00,2026-03-30T01:07:00+00:00,long,4512.38,4497.77,4553.955,4497.77,SL,2.8456536618754793,-1.0,-1.0,Setup A,Pattern 1,ENGULFING,False,3
2026-03-30T01:24:00+00:00,2026-03-30T01:25:00+00:00,long,4505.84,4501.99,4520.2525000000005,4501.99,SL,3.743506493506234,-1.0,-1.0,Setup A,Pattern 2,PIN_BAR,False,2
2026-03-30T01:28:00+00:00,2026-03-30T01:40:00+00:00,long,4507.97,4501.19,4523.614,4501.19,SL,2.307374631268114,-1.0,-1.0,Setup A,Pattern 3,MORNING_STAR,False,13
2026-03-30T01:53:00+00:00,2026-03-30T01:53:00+00:00,long,4489.8,4487.3,4503.042666666666,4487.3,SL,5.297066666666433,-1.0,-1.0,Setup A,Pattern 2,PIN_BAR,False,1
2026-03-30T02:00:00+00:00,2026-03-30T02:00:00+00:00,long,4484.44,4480.83,4503.042666666666,4484.44,BE,5.153093259464917,0.0,0.0,Setup A,Pattern 2,PIN_BAR,True,1
2026-03-30T02:03:00+00:00,2026-03-30T02:05:00+00:00,long,4488.65,4485.67,4503.042666666666,4485.67,SL,4.829753914989509,-1.0,-1.0,Setup A,Pattern 2,PIN_BAR,False,3
2026-03-30T02:46:00+00:00,2026-03-30T02:46:00+00:00,long,4453.31,4450.97,4464.736,4450.97,SL,4.882905982905456,-1.0,-1.0,Setup A,Pattern 3,MORNING_STAR,False,1
2026-03-30T02:53:00+00:00,2026-03-30T02:53:00+00:00,long,4449.5,4443.79,4464.736,4449.5,BE,2.668301225919401,0.0,0.0,Setup A,Pattern 1,ENGULFING,True,1
2026-03-30T02:59:00+00:00,2026-03-30T02:59:00+00:00,long,4448.67,4444.3,4464.736,4448.67,BE,3.676430205949704,0.0,0.0,Setup A,Pattern 1,ENGULFING,True,1
2026-03-30T03:16:00+00:00,2026-03-30T03:17:00+00:00,long,4426.37,4422.86,4435.356666666667,4435.356666666667,TP,2.5603038936370712,2.5603038936370712,2.5603038936370712,Setup A,Pattern 2,PIN_BAR,False,2
2026-03-30T03:19:00+00:00,2026-03-30T03:19:00+00:00,long,4437.78,4426.92,4464.736,4437.78,BE,2.482136279926422,0.0,0.0,Setup A,Pattern 2,PIN_BAR,True,1
2026-03-30T03:33:00+00:00,2026-03-30T03:37:00+00:00,long,4456.7,4446.0,4488.623333333333,4446.0,SL,2.9834890965732446,-1.0,-1.0,Setup A,Pattern 3,MORNING_STAR,False,5
2026-03-30T03:50:00+00:00,2026-03-30T03:50:00+00:00,long,4440.86,4437.83,4454.7425,4437.83,SL,4.581683168317421,-1.0,-1.0,Setup A,Pattern 2,PIN_BAR,False,1
2026-03-30T03:54:00+00:00,2026-03-30T03:54:00+00:00,long,4437.82,4436.76,4445.92,4436.76,SL,7.641509433966279,-1.0,-1.0,Setup A,Pattern 2,PIN_BAR,False,1
2026-03-30T03:57:00+00:00,2026-03-30T03:57:00+00:00,long,4434.41,4432.36,4445.92,4432.36,SL,5.614634146341071,-1.0,-1.0,Setup A,Pattern 2,PIN_BAR,False,1
2026-04-01T13:18:00+00:00,2026-04-01T13:22:00+00:00,long,4717.85,4716.39,4724.153076923077,4724.153076923077,TP,4.317175974709709,4.317175974709709,4.317175974709709,Setup A,Pattern 1,ENGULFING,False,5
2026-04-01T13:27:00+00:00,2026-04-01T13:42:00+00:00,long,4724.51,4722.38,4732.823333333334,4732.823333333334,TP,3.902973395931022,3.902973395931022,3.902973395931022,Setup A,Pattern 2,PIN_BAR,False,16
2026-04-01T15:16:00+00:00,2026-04-01T15:17:00+00:00,long,4743.94,4740.66,4752.785,4740.66,SL,2.6966463414637016,-1.0,-1.0,Setup A,Pattern 2,PIN_BAR,False,2
2026-04-01T15:31:00+00:00,2026-04-01T15:31:00+00:00,long,4738.71,4732.13,4752.785,4738.71,BE,2.1390577507598745,0.0,0.0,Setup A,Pattern 2,PIN_BAR,True,1
2026-04-01T15:35:00+00:00,2026-04-01T15:35:00+00:00,long,4744.48,4741.25,4752.785,4744.48,BE,2.571207430340995,0.0,0.0,Setup A,Pattern 1,ENGULFING,True,1
2026-04-01T15:40:00+00:00,2026-04-01T15:40:00+00:00,long,4735.4,4733.88,4739.056,4733.88,SL,2.4052631578954515,-1.0,-1.0,Setup A,Pattern 2,PIN_BAR,False,1
2026-04-01T16:02:00+00:00,2026-04-01T16:02:00+00:00,long,4721.97,4716.26,4739.7125,4721.97,BE,3.1072679509630943,0.0,0.0,Setup A,Pattern 1,ENGULFING,True,1
2026-04-01T16:04:00+00:00,2026-04-01T16:04:00+00:00,long,4723.44,4721.84,4733.094999999999,4721.84,SL,6.034375000001899,-1.0,-1.0,Setup A,Pattern 2,PIN_BAR,False,1
2026-04-01T16:07:00+00:00,2026-04-01T16:07:00+00:00,long,4723.78,4720.98,4733.094999999999,4723.78,BE,3.3267857142853554,0.0,0.0,Setup A,Pattern 2,PIN_BAR,True,1
2026-04-01T16:10:00+00:00,2026-04-01T16:10:00+00:00,long,4728.57,4725.4,4739.7125,4728.57,BE,3.5149842271292338,0.0,0.0,Setup A,Pattern 2,PIN_BAR,True,1
2026-04-01T16:15:00+00:00,2026-04-01T16:15:00+00:00,long,4731.36,4729.45,4739.7125,4731.36,BE,4.373036649214974,0.0,0.0,Setup A,Pattern 2,PIN_BAR,True,1
2026-04-01T16:21:00+00:00,2026-04-01T16:21:00+00:00,long,4739.04,4737.82,4746.0625,4737.82,SL,5.756147540982435,-1.0,-1.0,Setup A,Pattern 2,PIN_BAR,False,1
2026-04-01T16:27:00+00:00,2026-04-01T16:27:00+00:00,long,4739.44,4736.72,4746.0625,4739.44,BE,2.434742647059557,0.0,0.0,Setup A,Pattern 1,ENGULFING,True,1
2026-04-01T16:31:00+00:00,2026-04-01T16:31:00+00:00,long,4736.64,4733.09,4745.3,4733.09,SL,2.439436619718144,-1.0,-1.0,Setup A,Pattern 2,PIN_BAR,False,1
2026-04-01T16:38:00+00:00,2026-04-01T16:38:00+00:00,long,4745.52,4738.36,4762.165,4745.52,BE,2.3247206703907475,0.0,0.0,Setup A,Pattern 1,ENGULFING,True,1
2026-04-01T16:41:00+00:00,2026-04-01T16:41:00+00:00,long,4745.15,4741.92,4753.0575,4745.15,BE,2.4481424148610906,0.0,0.0,Setup A,Pattern 2,PIN_BAR,True,1
2026-04-01T17:34:00+00:00,2026-04-01T17:35:00+00:00,long,4742.2,4739.79,4753.414,4739.79,SL,4.653112033195278,-1.0,-1.0,Setup A,Pattern 1,ENGULFING,False,2
2026-04-01T17:37:00+00:00,2026-04-01T17:42:00+00:00,long,4740.7,4734.94,4753.414,4753.414,TP,2.2072916666665727,2.2072916666665727,2.2072916666665727,Setup A,Pattern 2,PIN_BAR,True,6
2026-04-01T20:53:00+00:00,2026-04-01T20:55:00+00:00,long,4781.18,4778.8,4787.66875,4778.8,SL,2.7263655462181635,-1.0,-1.0,Setup A,Pattern 2,PIN_BAR,False,3
2026-04-01T21:15:00+00:00,2026-04-01T21:15:00+00:00,long,4771.59,4770.0,4775.0275,4770.0,SL,2.161949685534393,-1.0,-1.0,Setup A,Pattern 3,MORNING_STAR,False,1
2026-04-01T21:32:00+00:00,2026-04-01T21:34:00+00:00,long,4757.87,4755.81,4770.056666666666,4755.81,SL,5.915857605179374,-1.0,-1.0,Setup A,Pattern 2,PIN_BAR,False,3
2026-04-01T21:37:00+00:00,2026-04-01T21:37:00+00:00,long,4750.93,4746.51,4761.5725,4746.51,SL,2.4078054298641973,-1.0,-1.0,Setup A,Pattern 2,PIN_BAR,False,1
2026-04-01T21:40:00+00:00,2026-04-01T21:40:00+00:00,long,4748.86,4742.86,4761.5725,4748.86,BE,2.118750000000091,0.0,0.0,Setup A,Pattern 1,ENGULFING,True,1
2026-04-01T21:45:00+00:00,2026-04-01T21:46:00+00:00,long,4757.82,4755.45,4770.056666666666,4755.45,SL,5.163150492264659,-1.0,-1.0,Setup A,Pattern 2,PIN_BAR,False,2
2026-04-01T22:00:00+00:00,2026-04-01T22:00:00+00:00,long,4754.08,4752.18,4760.956,4752.18,SL,3.618947368421853,-1.0,-1.0,Setup A,Pattern 2,PIN_BAR,False,1
2026-04-01T22:04:00+00:00,2026-04-01T22:05:00+00:00,long,4754.73,4751.99,4760.956,4760.956,TP,2.272262773723016,2.272262773723016,2.272262773723016,Setup A,Pattern 1,ENGULFING,False,2
2026-04-01T23:33:00+00:00,2026-04-01T23:33:00+00:00,long,4760.09,4758.38,4765.67,4758.38,SL,3.26315789473673,-1.0,-1.0,Setup A,Pattern 2,PIN_BAR,False,1
2026-04-01T23:35:00+00:00,2026-04-01T23:38:00+00:00,long,4760.07,4759.26,4765.67,4759.26,SL,6.913580246918377,-1.0,-1.0,Setup A,Pattern 2,PIN_BAR,False,4
2026-04-01T23:56:00+00:00,2026-04-01T23:56:00+00:00,long,4758.31,4757.43,4761.098181818182,4757.43,SL,3.168388429751117,-1.0,-1.0,Setup A,Pattern 1,ENGULFING,False,1
2026-04-02T01:06:00+00:00,2026-04-02T01:07:00+00:00,long,4758.58,4756.9,4765.67,4756.9,SL,4.220238095237451,-1.0,-1.0,Setup A,Pattern 2,PIN_BAR,False,2
2026-04-02T01:13:00+00:00,2026-04-02T01:23:00+00:00,long,4759.27,4757.63,4765.67,4765.67,TP,3.902439024389243,3.902439024389243,3.902439024389243,Setup A,Pattern 2,PIN_BAR,True,11
2026-04-02T03:08:00+00:00,2026-04-02T03:08:00+00:00,long,4785.61,4782.08,4799.615,4785.61,BE,3.9674220963175975,0.0,0.0,Setup A,Pattern 2,PIN_BAR,True,1
2026-04-02T03:10:00+00:00,2026-04-02T03:10:00+00:00,long,4790.22,4788.0,4799.615,4790.22,BE,4.231981981981283,0.0,0.0,Setup A,Pattern 2,PIN_BAR,True,1
2026-04-02T03:26:00+00:00,2026-04-02T03:26:00+00:00,long,4793.74,4792.03,4799.615,4792.03,SL,3.43567251461981,-1.0,-1.0,Setup A,Pattern 2,PIN_BAR,False,1
2026-04-02T04:15:00+00:00,2026-04-02T04:15:00+00:00,long,4750.83,4746.25,4760.8,4746.25,SL,2.1768558951965966,-1.0,-1.0,Setup A,Pattern 2,PIN_BAR,False,1
2026-04-02T05:00:00+00:00,2026-04-02T05:00:00+00:00,long,4696.72,4692.05,4710.08,4692.05,SL,2.8608137044966733,-1.0,-1.0,Setup A,Pattern 1,ENGULFING,False,1
2026-04-02T05:02:00+00:00,2026-04-02T05:02:00+00:00,long,4692.46,4688.9,4710.08,4692.46,BE,4.949438202246604,0.0,0.0,Setup A,Pattern 2,PIN_BAR,True,1
2026-04-02T05:05:00+00:00,2026-04-02T05:07:00+00:00,long,4697.95,4689.95,4732.2414285714285,4697.95,BE,4.286428571428587,0.0,0.0,Setup A,Pattern 1,ENGULFING,True,3
2026-04-02T05:14:00+00:00,2026-04-02T05:30:00+00:00,long,4688.04,4681.03,4710.08,4688.04,BE,3.144079885877215,0.0,0.0,Setup A,Pattern 2,PIN_BAR,True,17
2026-04-02T05:34:00+00:00,2026-04-02T05:34:00+00:00,long,4672.5,4667.92,4705.213333333333,4667.92,SL,7.142649199417829,-1.0,-1.0,Setup A,Pattern 2,PIN_BAR,False,1
2026-04-02T05:55:00+00:00,2026-04-02T06:03:00+00:00,long,4680.13,4674.79,4706.865,4680.13,BE,5.006554307115907,0.0,0.0,Setup A,Pattern 1,ENGULFING,True,9
2026-04-02T06:06:00+00:00,2026-04-02T06:08:00+00:00,long,4681.02,4677.97,4706.865,4677.97,SL,8.473770491802558,-1.0,-1.0,Setup A,Pattern 1,ENGULFING,False,3
2026-04-02T06:10:00+00:00,2026-04-02T06:10:00+00:00,long,4682.03,4680.47,4686.613333333334,4680.47,SL,2.938034188035536,-1.0,-1.0,Setup A,Pattern 2,PIN_BAR,False,1
2026-04-02T06:14:00+00:00,2026-04-02T06:20:00+00:00,long,4688.62,4686.09,4706.865,4688.62,BE,7.211462450593568,0.0,0.0,Setup A,Pattern 2,PIN_BAR,True,7
2026-04-02T06:58:00+00:00,2026-04-02T07:01:00+00:00,long,4676.78,4675.7,4687.539,4675.7,SL,9.962037037037721,-1.0,-1.0,Setup A,Pattern 2,PIN_BAR,False,4
2026-04-07T07:00:00+00:00,2026-04-07T07:00:00+00:00,short,4649.71,4650.06,4644.495,4650.06,SL,14.899999999984928,-1.0,-1.0,Setup A,Pattern 1,ENGULFING,False,1
2026-04-07T07:05:00+00:00,2026-04-07T07:05:00+00:00,short,4649.46,4651.06,4644.495,4649.46,BE,3.1031249999993853,0.0,0.0,Setup A,Pattern 1,ENGULFING,True,1
2026-04-07T07:10:00+00:00,2026-04-07T07:16:00+00:00,short,4648.59,4649.55,4644.495,4648.59,BE,4.265625000000104,0.0,0.0,Setup A,Pattern 3,EVENING_STAR,True,7
2026-04-07T07:18:00+00:00,2026-04-07T07:18:00+00:00,short,4646.53,4649.0,4636.178,4646.53,BE,4.1910931174084185,0.0,0.0,Setup A,Pattern 1,ENGULFING,True,1
2026-04-07T07:22:00+00:00,2026-04-07T07:22:00+00:00,short,4648.4,4649.13,4644.285,4649.13,SL,5.636986301365912,-1.0,-1.0,Setup A,Pattern 2,PIN_BAR,False,1
2026-04-07T07:26:00+00:00,2026-04-07T07:26:00+00:00,short,4649.65,4650.47,4644.285,4649.65,BE,6.542682926824067,0.0,0.0,Setup A,Pattern 2,PIN_BAR,True,1
2026-04-07T07:30:00+00:00,2026-04-07T07:30:00+00:00,short,4650.32,4651.26,4644.7837500000005,4651.26,SL,5.889627659570426,-1.0,-1.0,Setup A,Pattern 2,PIN_BAR,False,1
2026-04-07T07:33:00+00:00,2026-04-07T07:33:00+00:00,short,4656.09,4657.35,4651.237272727273,4656.09,BE,3.8513708513699294,0.0,0.0,Setup A,Pattern 2,PIN_BAR,True,1
2026-04-07T07:39:00+00:00,2026-04-07T07:39:00+00:00,short,4659.23,4660.43,4651.237272727273,4660.43,SL,6.660606060601269,-1.0,-1.0,Setup A,Pattern 2,PIN_BAR,False,1
2026-04-07T07:54:00+00:00,2026-04-07T07:54:00+00:00,short,4661.59,4662.89,4651.308387096774,4661.59,BE,7.908933002480611,0.0,0.0,Setup A,Pattern 1,ENGULFING,True,1
2026-04-07T08:01:00+00:00,2026-04-07T08:01:00+00:00,short,4660.25,4661.46,4656.625999999999,4660.25,BE,2.9950413223145427,0.0,0.0,Setup A,Pattern 2,PIN_BAR,True,1
2026-04-07T08:08:00+00:00,2026-04-07T08:13:00+00:00,short,4656.49,4657.38,4651.2903448275865,4656.49,BE,5.842309182484658,0.0,0.0,Setup A,Pattern 2,PIN_BAR,True,6
2026-04-07T08:18:00+00:00,2026-04-07T08:23:00+00:00,short,4654.8,4656.38,4651.55625,4651.55625,TP,2.053006329114364,2.053006329114364,2.053006329114364,Setup A,Pattern 1,ENGULFING,True,6
2026-04-07T09:18:00+00:00,2026-04-07T09:18:00+00:00,short,4646.18,4648.44,4641.155,4646.18,BE,2.22345132743455,0.0,0.0,Setup A,Pattern 2,PIN_BAR,True,1
2026-04-07T09:21:00+00:00,2026-04-07T09:21:00+00:00,short,4642.0,4643.75,4636.275,4642.0,BE,3.271428571428779,0.0,0.0,Setup A,Pattern 2,PIN_BAR,True,1
2026-04-07T09:30:00+00:00,2026-04-07T09:31:00+00:00,short,4641.77,4643.76,4636.6,4643.76,SL,2.5979899497490653,-1.0,-1.0,Setup A,Pattern 2,PIN_BAR,False,2
2026-04-07T09:38:00+00:00,2026-04-07T09:38:00+00:00,short,4643.91,4646.21,4636.6,4643.91,BE,3.1782608695647445,0.0,0.0,Setup A,Pattern 2,PIN_BAR,True,1
2026-04-07T09:41:00+00:00,2026-04-07T09:41:00+00:00,short,4644.41,4646.05,4636.6,4644.41,BE,4.762195121949958,0.0,0.0,Setup A,Pattern 1,ENGULFING,True,1
2026-04-07T09:48:00+00:00,2026-04-07T09:48:00+00:00,short,4650.59,4652.76,4641.136,4650.59,BE,4.356682027649496,0.0,0.0,Setup A,Pattern 1,ENGULFING,True,1
2026-04-07T09:52:00+00:00,2026-04-07T09:52:00+00:00,short,4651.79,4652.73,4646.404444444444,4652.73,SL,5.729314420806252,-1.0,-1.0,Setup A,Pattern 2,PIN_BAR,False,1
2026-04-07T09:55:00+00:00,2026-04-07T09:57:00+00:00,short,4653.95,4655.55,4646.404444444444,4655.55,SL,4.715972222221077,-1.0,-1.0,Setup A,Pattern 2,PIN_BAR,False,3
2026-04-07T09:59:00+00:00,2026-04-07T10:01:00+00:00,short,4653.35,4655.93,4646.404444444444,4653.35,BE,2.6920757967272015,0.0,0.0,Setup A,Pattern 1,ENGULFING,True,3
2026-04-07T10:03:00+00:00,2026-04-07T10:05:00+00:00,short,4651.69,4653.76,4646.404444444444,4651.69,BE,2.553408480943788,0.0,0.0,Setup A,Pattern 1,ENGULFING,True,3
2026-04-07T10:12:00+00:00,2026-04-07T10:18:00+00:00,short,4653.82,4656.94,4646.404444444444,4653.82,BE,2.3767806267806373,0.0,0.0,Setup A,Pattern 1,ENGULFING,True,7
2026-04-07T10:21:00+00:00,2026-04-07T10:23:00+00:00,short,4651.9,4653.78,4646.404444444444,4646.404444444444,TP,2.9231678486994346,2.9231678486994346,2.9231678486994346,Setup A,Pattern 2,PIN_BAR,True,3
2026-04-07T10:26:00+00:00,2026-04-07T10:26:00+00:00,short,4647.83,4649.05,4641.136,4641.136,TP,5.486885245900089,5.486885245900089,5.486885245900089,Setup A,Pattern 2,PIN_BAR,False,1
2026-04-08T10:02:00+00:00,2026-04-08T10:02:00+00:00,long,4816.48,4815.18,4819.375,4815.18,SL,2.2269230769246593,-1.0,-1.0,Setup A,Pattern 2,PIN_BAR,False,1
2026-04-08T10:06:00+00:00,2026-04-08T10:07:00+00:00,long,4815.79,4812.57,4824.7675,4812.57,SL,2.788043478260638,-1.0,-1.0,Setup A,Pattern 1,ENGULFING,False,2
2026-04-08T10:09:00+00:00,2026-04-08T10:10:00+00:00,long,4815.53,4812.27,4824.7675,4812.27,SL,2.833588957055871,-1.0,-1.0,Setup A,Pattern 1,ENGULFING,False,2
2026-04-08T10:13:00+00:00,2026-04-08T10:13:00+00:00,long,4815.19,4811.57,4824.7675,4811.57,SL,2.645718232044369,-1.0,-1.0,Setup A,Pattern 1,ENGULFING,False,1
2026-04-08T10:19:00+00:00,2026-04-08T10:19:00+00:00,long,4813.06,4811.66,4819.535555555555,4811.66,SL,4.625396825394497,-1.0,-1.0,Setup A,Pattern 2,PIN_BAR,False,1
2026-04-08T10:28:00+00:00,2026-04-08T10:28:00+00:00,long,4819.19,4818.19,4824.7675,4818.19,SL,5.577500000000327,-1.0,-1.0,Setup A,Pattern 2,PIN_BAR,False,1
2026-04-08T10:30:00+00:00,2026-04-08T10:31:00+00:00,long,4818.39,4816.05,4825.142857142857,4816.05,SL,2.8858363858359555,-1.0,-1.0,Setup A,Pattern 2,PIN_BAR,False,2
2026-04-08T10:36:00+00:00,2026-04-08T10:36:00+00:00,long,4813.86,4809.8,4825.142857142857,4809.8,SL,2.779028852920844,-1.0,-1.0,Setup A,Pattern 1,ENGULFING,False,1
2026-04-08T10:49:00+00:00,2026-04-08T10:52:00+00:00,long,4813.58,4811.48,4819.810833333333,4819.810833333333,TP,2.967063492062851,2.967063492062851,2.967063492062851,Setup A,Pattern 1,ENGULFING,False,4
2026-04-09T02:01:00+00:00,2026-04-09T02:05:00+00:00,short,4716.05,4718.66,4707.87,4716.05,BE,3.1340996168587423,0.0,0.0,Setup A,Pattern 3,EVENING_STAR,True,5
2026-04-09T03:00:00+00:00,2026-04-09T03:00:00+00:00,short,4715.19,4716.65,4712.105,4712.105,TP,2.1130136986301093,2.1130136986301093,2.1130136986301093,Setup A,Pattern 2,PIN_BAR,False,1
2026-04-09T03:46:00+00:00,2026-04-09T04:00:00+00:00,short,4714.53,4719.08,4703.19,4714.53,BE,2.492307692307625,0.0,0.0,Setup A,Pattern 1,ENGULFING,True,15
2026-04-09T04:12:00+00:00,2026-04-09T04:12:00+00:00,short,4714.68,4718.84,4703.19,4714.68,BE,2.7620192307694937,0.0,0.0,Setup A,Pattern 1,ENGULFING,True,1
2026-04-09T04:17:00+00:00,2026-04-09T04:18:00+00:00,short,4719.55,4722.99,4712.163333333333,4722.99,SL,2.1472868217058383,-1.0,-1.0,Setup A,Pattern 1,ENGULFING,False,2
2026-04-09T04:20:00+00:00,2026-04-09T04:22:00+00:00,short,4720.93,4723.39,4712.163333333333,4712.163333333333,TP,3.563685636856587,3.563685636856587,3.563685636856587,Setup A,Pattern 2,PIN_BAR,False,3
2026-04-09T04:52:00+00:00,2026-04-09T04:55:00+00:00,short,4723.54,4724.22,4721.764999999999,4721.764999999999,TP,2.610294117646744,2.610294117646744,2.610294117646744,Setup A,Pattern 2,PIN_BAR,False,4
2026-04-09T05:01:00+00:00,2026-04-09T05:02:00+00:00,short,4725.02,4728.75,4712.163333333333,4728.75,SL,3.4468275245761353,-1.0,-1.0,Setup A,Pattern 1,ENGULFING,False,2
2026-04-09T05:26:00+00:00,2026-04-09T05:30:00+00:00,short,4725.47,4727.54,4717.912352941176,4727.54,SL,3.6510372264855047,-1.0,-1.0,Setup A,Pattern 3,EVENING_STAR,False,5
2026-04-09T05:33:00+00:00,2026-04-09T05:37:00+00:00,short,4728.34,4729.71,4723.925454545454,4729.71,SL,3.2222959522236048,-1.0,-1.0,Setup A,Pattern 2,PIN_BAR,False,5
2026-04-09T05:42:00+00:00,2026-04-09T05:42:00+00:00,short,4729.59,4730.27,4723.925454545454,4730.27,SL,8.330213903740534,-1.0,-1.0,Setup A,Pattern 2,PIN_BAR,False,1
2026-04-09T05:46:00+00:00,2026-04-09T05:54:00+00:00,short,4730.86,4732.9,4724.0391666666665,4724.0391666666665,TP,3.3435457516339873,3.3435457516339873,3.3435457516339873,Setup A,Pattern 1,ENGULFING,False,9
2026-04-09T07:18:00+00:00,2026-04-09T07:42:00+00:00,short,4720.57,4723.33,4712.178333333333,4723.33,SL,3.0404589371977395,-1.0,-1.0,Setup A,Pattern 1,ENGULFING,False,25
2026-04-09T07:48:00+00:00,2026-04-09T07:49:00+00:00,short,4720.76,4721.64,4717.5142857142855,4721.64,SL,3.6883116883117153,-1.0,-1.0,Setup A,Pattern 3,EVENING_STAR,False,2
2026-04-09T07:55:00+00:00,2026-04-09T07:55:00+00:00,short,4724.34,4725.19,4721.486666666667,4721.486666666667,TP,3.356862745100351,3.356862745100351,3.356862745100351,Setup A,Pattern 2,PIN_BAR,False,1
2026-04-09T08:43:00+00:00,2026-04-09T08:44:00+00:00,short,4719.95,4722.98,4712.643,4722.98,SL,2.4115511551156446,-1.0,-1.0,Setup A,Pattern 1,ENGULFING,False,2
2026-04-09T08:46:00+00:00,2026-04-09T08:50:00+00:00,short,4720.99,4724.22,4712.643,4712.643,TP,2.5842105263153345,2.5842105263153345,2.5842105263153345,Setup A,Pattern 1,ENGULFING,False,5
2026-04-09T09:48:00+00:00,2026-04-09T09:48:00+00:00,short,4712.97,4714.52,4706.501428571429,4714.52,SL,4.1732718894004925,-1.0,-1.0,Setup A,Pattern 1,ENGULFING,False,1
2026-04-09T10:10:00+00:00,2026-04-09T10:10:00+00:00,short,4725.62,4728.65,4717.46875,4728.65,SL,2.6901815181520052,-1.0,-1.0,Setup B,Pattern 2,PIN_BAR,False,1
2026-04-09T10:45:00+00:00,2026-04-09T10:46:00+00:00,short,4722.64,4723.78,4717.753214285714,4717.753214285714,TP,4.2866541353407035,4.2866541353407035,4.2866541353407035,Setup A,Pattern 1,ENGULFING,False,2
2026-04-09T10:50:00+00:00,2026-04-09T10:50:00+00:00,short,4717.84,4721.3,4706.438571428571,4717.84,BE,3.2952105697772134,0.0,0.0,Setup A,Pattern 1,ENGULFING,True,1
2026-04-09T10:57:00+00:00,2026-04-09T10:57:00+00:00,short,4718.12,4718.96,4712.099090909091,4718.96,SL,7.167748917747924,-1.0,-1.0,Setup A,Pattern 2,PIN_BAR,False,1
2026-04-09T11:02:00+00:00,2026-04-09T11:24:00+00:00,short,4724.37,4726.4,4716.070476190476,4726.4,SL,4.0884353741500865,-1.0,-1.0,Setup A,Pattern 1,ENGULFING,False,23
2026-04-09T11:29:00+00:00,2026-04-09T11:30:00+00:00,short,4722.14,4723.85,4718.525161290322,4723.85,SL,2.1139407658936533,-1.0,-1.0,Setup A,Pattern 2,PIN_BAR,False,2
2026-04-09T11:45:00+00:00,2026-04-09T11:48:00+00:00,short,4730.5,4732.89,4721.121818181818,4732.89,SL,3.9239254469376985,-1.0,-1.0,Setup A,Pattern 2,PIN_BAR,False,4
2026-04-09T11:50:00+00:00,2026-04-09T11:56:00+00:00,short,4730.89,4732.74,4726.784285714285,4726.784285714285,TP,2.219305019306219,2.219305019306219,2.219305019306219,Setup A,Pattern 1,ENGULFING,False,7
2026-04-09T11:58:00+00:00,2026-04-09T11:58:00+00:00,short,4726.81,4727.49,4721.121818181818,4727.49,SL,8.364973262041113,-1.0,-1.0,Setup A,Pattern 2,PIN_BAR,False,1
2026-04-16T06:01:00+00:00,2026-04-16T06:01:00+00:00,long,4821.55,4819.11,4830.29375,4821.55,BE,3.5835040983597586,0.0,0.0,Setup A,Pattern 1,ENGULFING,True,1
2026-04-16T06:06:00+00:00,2026-04-16T06:07:00+00:00,long,4822.63,4822.29,4824.672222222222,4824.672222222222,TP,6.00653594771018,6.00653594771018,6.00653594771018,Setup A,Pattern 1,ENGULFING,False,2
2026-04-16T06:10:00+00:00,2026-04-16T06:16:00+00:00,long,4825.84,4825.06,4830.29375,4825.06,SL,5.709935897437342,-1.0,-1.0,Setup A,Pattern 1,ENGULFING,False,7
2026-04-16T07:05:00+00:00,2026-04-16T07:08:00+00:00,long,4824.99,4824.22,4830.384,4824.22,SL,7.005194805199411,-1.0,-1.0,Setup A,Pattern 1,ENGULFING,False,4
2026-04-16T08:50:00+00:00,2026-04-16T08:51:00+00:00,long,4827.55,4826.37,4830.745,4826.37,SL,2.7076271186431535,-1.0,-1.0,Setup A,Pattern 2,PIN_BAR,False,2
2026-04-16T08:55:00+00:00,2026-04-16T08:55:00+00:00,long,4826.18,4824.92,4830.745,4824.92,SL,3.6230158730149276,-1.0,-1.0,Setup A,Pattern 2,PIN_BAR,False,1
2026-04-16T09:01:00+00:00,2026-04-16T09:05:00+00:00,long,4822.86,4821.15,4830.582222222222,4822.86,BE,4.51591942820027,0.0,0.0,Setup A,Pattern 1,ENGULFING,True,5
2026-04-16T09:11:00+00:00,2026-04-16T09:12:00+00:00,long,4824.5,4823.25,4830.582222222222,4823.25,SL,4.865777777777839,-1.0,-1.0,Setup A,Pattern 1,ENGULFING,False,2
2026-04-16T09:17:00+00:00,2026-04-16T09:17:00+00:00,long,4822.15,4821.53,4826.290909090909,4821.53,SL,6.678885630499869,-1.0,-1.0,Setup A,Pattern 2,PIN_BAR,False,1
2026-04-16T09:20:00+00:00,2026-04-16T09:20:00+00:00,long,4824.49,4821.11,4833.32,4821.11,SL,2.612426035502853,-1.0,-1.0,Setup A,Pattern 1,ENGULFING,False,1
2026-04-16T09:30:00+00:00,2026-04-16T09:30:00+00:00,long,4816.16,4814.49,4822.3625,4816.16,BE,3.7140718562874593,0.0,0.0,Setup A,Pattern 2,PIN_BAR,True,1
2026-04-16T09:33:00+00:00,2026-04-16T09:33:00+00:00,long,4818.81,4815.88,4826.083846153846,4815.88,SL,2.4825413494351203,-1.0,-1.0,Setup A,Pattern 1,ENGULFING,False,1
2026-04-16T09:38:00+00:00,2026-04-16T09:41:00+00:00,long,4818.41,4817.65,4822.3625,4822.3625,TP,5.200657894735779,5.200657894735779,5.200657894735779,Setup A,Pattern 2,PIN_BAR,False,4
2026-04-16T11:15:00+00:00,2026-04-16T11:15:00+00:00,long,4811.7,4809.41,4822.731304347826,4811.7,BE,4.817163470666599,0.0,0.0,Setup A,Pattern 2,PIN_BAR,True,1
2026-04-16T11:30:00+00:00,2026-04-16T11:31:00+00:00,long,4811.43,4810.06,4816.228,4810.06,SL,3.502189781022012,-1.0,-1.0,Setup A,Pattern 2,PIN_BAR,False,2
2026-04-16T11:37:00+00:00,2026-04-16T11:42:00+00:00,long,4808.85,4807.52,4813.298888888889,4813.298888888889,TP,3.3450292397664136,3.3450292397664136,3.3450292397664136,Setup A,Pattern 2,PIN_BAR,False,6
2026-04-16T11:46:00+00:00,2026-04-16T11:46:00+00:00,long,4812.08,4811.37,4816.228,4811.37,SL,5.842253521126656,-1.0,-1.0,Setup A,Pattern 2,PIN_BAR,False,1
2026-04-16T11:48:00+00:00,2026-04-16T11:49:00+00:00,long,4813.0,4812.16,4816.228,4812.16,SL,3.842857142856555,-1.0,-1.0,Setup A,Pattern 2,PIN_BAR,False,2
2026-04-16T11:54:00+00:00,2026-04-16T12:05:00+00:00,long,4810.2,4808.35,4816.228,4816.228,TP,3.258378378379473,3.258378378379473,3.258378378379473,Setup A,Pattern 1,ENGULFING,True,12
2026-04-16T12:10:00+00:00,2026-04-16T12:15:00+00:00,long,4817.91,4815.0,4826.982307692308,4815.0,SL,3.117631509384256,-1.0,-1.0,Setup B,Pattern 3,MORNING_STAR,False,6
2026-04-16T13:05:00+00:00,2026-04-16T13:05:00+00:00,long,4812.43,4811.47,4816.585714285714,4812.43,BE,4.3288690476182285,0.0,0.0,Setup A,Pattern 2,PIN_BAR,True,1
2026-04-16T13:16:00+00:00,2026-04-16T13:27:00+00:00,long,4807.17,4805.15,4813.541875,4807.17,BE,3.1543935643556638,0.0,0.0,Setup A,Pattern 2,PIN_BAR,True,12
2026-04-16T13:33:00+00:00,2026-04-16T13:45:00+00:00,long,4807.2,4805.17,4813.541875,4807.2,BE,3.1240763546802306,0.0,0.0,Setup A,Pattern 1,ENGULFING,True,13
2026-04-16T13:52:00+00:00,2026-04-16T13:56:00+00:00,long,4809.29,4808.63,4813.461764705883,4813.461764705883,TP,6.320855614975797,6.320855614975797,6.320855614975797,Setup A,Pattern 2,PIN_BAR,True,5
2026-04-16T15:32:00+00:00,2026-04-16T15:32:00+00:00,long,4814.27,4811.82,4819.315555555555,4814.27,BE,2.0594104308379717,0.0,0.0,Setup A,Pattern 2,PIN_BAR,True,1
2026-04-16T15:36:00+00:00,2026-04-16T15:36:00+00:00,long,4820.6,4818.79,4824.862,4818.79,SL,2.3546961325960076,-1.0,-1.0,Setup A,Pattern 1,ENGULFING,False,1
2026-04-16T15:46:00+00:00,2026-04-16T15:48:00+00:00,long,4817.27,4816.39,4821.726190476191,4816.39,SL,5.063852813852083,-1.0,-1.0,Setup A,Pattern 2,PIN_BAR,False,3
2026-04-16T15:51:00+00:00,2026-04-16T15:54:00+00:00,long,4816.72,4814.67,4821.726190476191,4814.67,SL,2.4420441347268897,-1.0,-1.0,Setup A,Pattern 1,ENGULFING,False,4
2026-04-16T16:11:00+00:00,2026-04-16T16:11:00+00:00,long,4815.99,4814.12,4821.6875,4815.99,BE,3.046791443850562,0.0,0.0,Setup A,Pattern 2,PIN_BAR,True,1
2026-04-16T16:14:00+00:00,2026-04-16T16:15:00+00:00,long,4817.49,4816.46,4821.6875,4817.49,BE,4.0752427184478215,0.0,0.0,Setup A,Pattern 1,ENGULFING,True,2
2026-04-16T16:31:00+00:00,2026-04-16T16:31:00+00:00,long,4815.01,4812.59,4821.763809523809,4815.01,BE,2.7908303817390654,0.0,0.0,Setup A,Pattern 2,PIN_BAR,True,1
2026-04-16T16:34:00+00:00,2026-04-16T16:34:00+00:00,long,4816.38,4814.48,4821.763809523809,4821.763809523809,TP,2.833583959898581,2.833583959898581,2.833583959898581,Setup A,Pattern 1,ENGULFING,False,1
2026-04-16T16:43:00+00:00,2026-04-16T16:45:00+00:00,long,4816.87,4813.32,4825.834285714285,4816.87,BE,2.525150905432356,0.0,0.0,Setup A,Pattern 2,PIN_BAR,True,3
2026-04-16T16:50:00+00:00,2026-04-16T16:50:00+00:00,long,4814.07,4809.59,4825.706666666667,4814.07,BE,2.5974702380956156,0.0,0.0,Setup B,Pattern 2,PIN_BAR,True,1
2026-04-16T17:48:00+00:00,2026-04-16T18:04:00+00:00,long,4790.13,4785.48,4801.85,4801.85,TP,2.5204301075266407,2.5204301075266407,2.5204301075266407,Setup A,Pattern 2,PIN_BAR,True,17
2026-04-21T04:02:00+00:00,2026-04-21T04:02:00+00:00,long,4822.25,4820.52,4828.955,4820.52,SL,3.875722543353537,-1.0,-1.0,Setup A,Pattern 2,PIN_BAR,False,1
2026-04-21T04:18:00+00:00,2026-04-21T04:20:00+00:00,long,4817.21,4815.02,4825.470666666666,4817.21,BE,3.771993911720375,0.0,0.0,Setup A,Pattern 1,ENGULFING,True,3
2026-04-21T04:33:00+00:00,2026-04-21T04:33:00+00:00,long,4816.74,4815.93,4821.099,4816.74,BE,5.3814814814853325,0.0,0.0,Setup A,Pattern 2,PIN_BAR,True,1
2026-04-21T04:36:00+00:00,2026-04-21T04:36:00+00:00,long,4817.79,4817.39,4821.099,4817.79,BE,8.272500000008016,0.0,0.0,Setup A,Pattern 2,PIN_BAR,True,1
2026-04-21T04:51:00+00:00,2026-04-21T04:51:00+00:00,long,4812.41,4811.04,4816.6213333333335,4811.04,SL,3.0739659367401293,-1.0,-1.0,Setup A,Pattern 2,PIN_BAR,False,1
2026-04-21T04:55:00+00:00,2026-04-21T04:55:00+00:00,long,4809.61,4808.86,4813.0081818181825,4808.86,SL,4.530909090910427,-1.0,-1.0,Setup A,Pattern 2,PIN_BAR,False,1
2026-04-21T05:01:00+00:00,2026-04-21T05:01:00+00:00,long,4809.84,4808.38,4813.0975,4808.38,SL,2.231164383561389,-1.0,-1.0,Setup A,Pattern 2,PIN_BAR,False,1
2026-04-21T05:15:00+00:00,2026-04-21T05:20:00+00:00,long,4807.21,4805.96,4811.696,4805.96,SL,3.588799999999901,-1.0,-1.0,Setup A,Pattern 2,PIN_BAR,False,6
2026-04-21T05:22:00+00:00,2026-04-21T05:27:00+00:00,long,4804.68,4803.56,4807.810909090909,4807.810909090909,TP,2.7954545454547115,2.7954545454547115,2.7954545454547115,Setup A,Pattern 2,PIN_BAR,True,6
2026-04-21T05:39:00+00:00,2026-04-21T05:39:00+00:00,long,4804.14,4802.93,4810.726,4804.14,BE,5.442975206610853,0.0,0.0,Setup A,Pattern 2,PIN_BAR,True,1
2026-04-21T05:44:00+00:00,2026-04-21T05:47:00+00:00,long,4806.76,4805.59,4810.726,4805.59,SL,3.3897435897429,-1.0,-1.0,Setup A,Pattern 2,PIN_BAR,False,4
2026-04-21T05:54:00+00:00,2026-04-21T05:54:00+00:00,long,4805.41,4804.35,4810.726,4805.41,BE,5.0150943396248655,0.0,0.0,Setup A,Pattern 1,ENGULFING,True,1
2026-04-21T06:04:00+00:00,2026-04-21T06:05:00+00:00,long,4806.21,4805.31,4810.634285714286,4805.31,SL,4.915873015875621,-1.0,-1.0,Setup A,Pattern 2,PIN_BAR,False,2
2026-04-21T06:17:00+00:00,2026-04-21T06:18:00+00:00,long,4801.22,4800.22,4804.490000000001,4800.22,SL,3.2700000000004366,-1.0,-1.0,Setup A,Pattern 2,PIN_BAR,False,2
2026-04-21T06:21:00+00:00,2026-04-21T06:21:00+00:00,long,4799.28,4797.31,4804.490000000001,4797.31,SL,2.6446700507627807,-1.0,-1.0,Setup A,Pattern 1,ENGULFING,False,1
2026-04-21T06:30:00+00:00,2026-04-21T06:36:00+00:00,long,4798.66,4797.79,4801.597777777777,4797.79,SL,3.3767560664110308,-1.0,-1.0,Setup A,Pattern 2,PIN_BAR,False,7
2026-04-21T06:45:00+00:00,2026-04-21T06:51:00+00:00,long,4794.99,4792.89,4801.404444444444,4794.99,BE,3.0544973544982215,0.0,0.0,Setup A,Pattern 1,ENGULFING,True,7
2026-04-21T06:58:00+00:00,2026-04-21T07:06:00+00:00,long,4796.42,4795.85,4801.404444444444,4795.85,SL,8.744639376222548,-1.0,-1.0,Setup A,Pattern 1,ENGULFING,False,9
2026-04-21T07:16:00+00:00,2026-04-21T07:16:00+00:00,long,4794.7,4792.25,4802.24875,4794.7,BE,3.081122448979791,0.0,0.0,Setup A,Pattern 1,ENGULFING,True,1
2026-04-21T07:18:00+00:00,2026-04-21T07:18:00+00:00,long,4795.57,4794.34,4799.324,4795.57,BE,3.0520325203262098,0.0,0.0,Setup A,Pattern 1,ENGULFING,True,1
2026-04-21T07:26:00+00:00,2026-04-21T07:26:00+00:00,long,4793.79,4792.26,4799.324,4792.26,SL,3.6169934640526615,-1.0,-1.0,Setup A,Pattern 1,ENGULFING,False,1
2026-04-21T07:32:00+00:00,2026-04-21T07:48:00+00:00,long,4790.5,4789.61,4796.03,4790.5,BE,6.213483146064844,0.0,0.0,Setup A,Pattern 2,PIN_BAR,True,17
2026-04-21T07:55:00+00:00,2026-04-21T07:55:00+00:00,long,4789.89,4789.44,4794.211428571428,4789.44,SL,9.603174603156766,-1.0,-1.0,Setup A,Pattern 1,ENGULFING,False,1
2026-04-21T07:57:00+00:00,2026-04-21T08:00:00+00:00,long,4789.94,4788.86,4794.211428571428,4788.86,SL,3.9550264550264327,-1.0,-1.0,Setup A,Pattern 1,ENGULFING,False,4
2026-04-21T08:03:00+00:00,2026-04-21T08:03:00+00:00,long,4787.79,4786.55,4794.105714285714,4786.55,SL,5.093317972351236,-1.0,-1.0,Setup A,Pattern 1,ENGULFING,False,1
2026-04-21T08:05:00+00:00,2026-04-21T08:28:00+00:00,long,4790.92,4786.53,4802.061428571428,4786.53,SL,2.5379108363160183,-1.0,-1.0,Setup A,Pattern 1,ENGULFING,False,24
2026-04-21T08:57:00+00:00,2026-04-21T09:00:00+00:00,long,4785.36,4783.19,4790.245,4783.19,SL,2.251152073732744,-1.0,-1.0,Setup B,Pattern 2,PIN_BAR,False,4
2026-04-21T09:24:00+00:00,2026-04-21T09:25:00+00:00,long,4783.21,4780.18,4789.71,4780.18,SL,2.1452145214523255,-1.0,-1.0,Setup A,Pattern 1,ENGULFING,False,2
2026-04-21T09:32:00+00:00,2026-04-21T09:37:00+00:00,long,4780.99,4777.16,4792.794,4777.16,SL,3.0819843342037365,-1.0,-1.0,Setup A,Pattern 1,ENGULFING,False,6
2026-04-21T09:40:00+00:00,2026-04-21T09:51:00+00:00,long,4778.31,4776.0,4786.07,4776.0,SL,3.359307359306478,-1.0,-1.0,Setup A,Pattern 3,MORNING_STAR,False,12
2026-04-21T10:01:00+00:00,2026-04-21T10:02:00+00:00,long,4778.51,4776.84,4782.996666666667,4776.84,SL,2.6866267465068763,-1.0,-1.0,Setup A,Pattern 2,PIN_BAR,False,2
2026-04-21T11:16:00+00:00,2026-04-21T11:20:00+00:00,long,4777.89,4774.78,4784.183333333333,4784.183333333333,TP,2.023579849945945,2.023579849945945,2.023579849945945,Setup A,Pattern 3,MORNING_STAR,False,5
2026-04-21T12:18:00+00:00,2026-04-21T12:26:00+00:00,long,4785.87,4783.54,4792.795384615385,4783.54,SL,2.9722680752726918,-1.0,-1.0,Setup A,Pattern 2,PIN_BAR,False,9
2026-04-21T12:33:00+00:00,2026-04-21T12:37:00+00:00,long,4783.9,4782.75,4787.4141666666665,4782.75,SL,3.0557971014503793,-1.0,-1.0,Setup A,Pattern 2,PIN_BAR,False,5
2026-04-29T22:02:00+00:00,2026-04-29T22:05:00+00:00,short,4542.32,4545.3,4535.352000000001,4535.352000000001,TP,2.3382550335563193,2.3382550335563193,2.3382550335563193,Setup A,Pattern 2,PIN_BAR,False,4
2026-04-29T22:10:00+00:00,2026-04-29T22:11:00+00:00,short,4538.94,4541.47,4529.743333333333,4541.47,SL,3.635046113306061,-1.0,-1.0,Setup A,Pattern 1,ENGULFING,False,2
2026-04-29T22:14:00+00:00,2026-04-29T22:14:00+00:00,short,4543.05,4544.9,4535.352000000001,4544.9,SL,4.16108108108199,-1.0,-1.0,Setup A,Pattern 2,PIN_BAR,False,1
2026-04-29T22:19:00+00:00,2026-04-29T22:19:00+00:00,short,4545.9,4547.39,4542.211875,4547.39,SL,2.4752516778509808,-1.0,-1.0,Setup A,Pattern 2,PIN_BAR,False,1
2026-04-29T22:21:00+00:00,2026-04-29T22:49:00+00:00,short,4544.91,4547.76,4534.990000000001,4547.76,SL,3.480701754385227,-1.0,-1.0,Setup A,Pattern 1,ENGULFING,False,29
2026-04-29T22:54:00+00:00,2026-04-29T22:56:00+00:00,short,4548.02,4549.23,4542.4800000000005,4549.23,SL,4.578512396697489,-1.0,-1.0,Setup A,Pattern 1,ENGULFING,False,3
2026-04-29T23:16:00+00:00,2026-04-29T23:17:00+00:00,short,4546.43,4547.96,4542.321052631579,4542.321052631579,TP,2.685586515308596,2.685586515308596,2.685586515308596,Setup A,Pattern 2,PIN_BAR,False,2
2026-04-29T23:24:00+00:00,2026-04-30T01:10:00+00:00,short,4544.51,4546.94,4535.901666666667,4546.94,SL,3.54252400548797,-1.0,-1.0,Setup A,Pattern 1,ENGULFING,False,45
2026-04-30T17:01:00+00:00,2026-04-30T17:01:00+00:00,long,4614.57,4609.43,4627.744166666666,4614.57,BE,2.563067444877076,0.0,0.0,Setup A,Pattern 1,ENGULFING,True,1
2026-04-30T17:23:00+00:00,2026-04-30T17:26:00+00:00,long,4623.63,4619.44,4634.956363636364,4619.44,SL,2.703189412019616,-1.0,-1.0,Setup A,Pattern 1,ENGULFING,False,4
2026-04-30T17:35:00+00:00,2026-04-30T17:36:00+00:00,long,4617.26,4613.18,4627.275333333334,4613.18,SL,2.4547385620916438,-1.0,-1.0,Setup A,Pattern 1,ENGULFING,False,2
2026-04-30T17:44:00+00:00,2026-04-30T17:45:00+00:00,long,4618.55,4617.31,4627.275333333334,4617.31,SL,7.036559139786533,-1.0,-1.0,Setup A,Pattern 1,ENGULFING,False,2
2026-04-30T18:02:00+00:00,2026-04-30T18:02:00+00:00,long,4620.82,4619.16,4627.275333333334,4619.16,SL,3.888755020081207,-1.0,-1.0,Setup A,Pattern 2,PIN_BAR,False,1
2026-04-30T18:05:00+00:00,2026-04-30T18:05:00+00:00,long,4617.16,4615.66,4623.785,4615.66,SL,4.416666666666667,-1.0,-1.0,Setup A,Pattern 2,PIN_BAR,False,1
2026-04-30T18:15:00+00:00,2026-04-30T18:16:00+00:00,long,4619.98,4617.29,4627.075,4617.29,SL,2.637546468401974,-1.0,-1.0,Setup A,Pattern 1,ENGULFING,False,2
2026-04-30T18:20:00+00:00,2026-04-30T18:21:00+00:00,long,4619.61,4617.47,4627.075,4617.47,SL,3.4883177570103627,-1.0,-1.0,Setup A,Pattern 1,ENGULFING,False,2
2026-04-30T18:24:00+00:00,2026-04-30T18:39:00+00:00,long,4618.57,4615.8,4627.075,4615.8,SL,3.070397111913921,-1.0,-1.0,Setup A,Pattern 1,ENGULFING,False,16
2026-04-30T18:45:00+00:00,2026-04-30T18:45:00+00:00,long,4615.59,4613.39,4626.67947368421,4613.39,SL,5.040669856459568,-1.0,-1.0,Setup A,Pattern 2,PIN_BAR,False,1
2026-04-30T18:50:00+00:00,2026-04-30T18:50:00+00:00,long,4614.4,4613.77,4619.727777777778,4613.77,SL,8.456790123468624,-1.0,-1.0,Setup A,Pattern 2,PIN_BAR,False,1
2026-04-30T18:52:00+00:00,2026-04-30T18:52:00+00:00,long,4614.78,4613.81,4619.727777777778,4613.81,SL,5.100801832764635,-1.0,-1.0,Setup A,Pattern 1,ENGULFING,False,1
2026-04-30T18:54:00+00:00,2026-04-30T19:01:00+00:00,long,4613.97,4612.72,4619.727777777778,4613.97,BE,4.606222222222277,0.0,0.0,Setup A,Pattern 2,PIN_BAR,True,8
2026-05-04T16:03:00+00:00,2026-05-04T16:03:00+00:00,short,4563.33,4565.6,4552.265,4563.33,BE,4.874449339205935,0.0,0.0,Setup A,Pattern 1,ENGULFING,True,1
2026-05-04T16:11:00+00:00,2026-05-04T16:13:00+00:00,short,4572.05,4575.84,4563.8822222222225,4563.8822222222225,TP,2.155086484901789,2.155086484901789,2.155086484901789,Setup A,Pattern 2,PIN_BAR,False,3
2026-05-04T17:28:00+00:00,2026-05-04T17:40:00+00:00,short,4573.0,4582.22,4552.69,4582.22,SL,2.2028199566160347,-1.0,-1.0,Setup B,Pattern 1,ENGULFING,False,13
2026-05-04T18:03:00+00:00,2026-05-04T18:03:00+00:00,short,4561.82,4566.01,4552.69,4561.82,BE,2.1789976133649165,0.0,0.0,Setup A,Pattern 2,PIN_BAR,True,1
2026-05-04T18:05:00+00:00,2026-05-04T18:06:00+00:00,short,4561.22,4562.49,4558.61875,4561.22,BE,2.0482283464579427,0.0,0.0,Setup A,Pattern 2,PIN_BAR,True,2
2026-05-04T18:08:00+00:00,2026-05-04T18:18:00+00:00,short,4558.4,4561.4,4544.125,4544.125,TP,4.758333333333212,4.758333333333212,4.758333333333212,Setup A,Pattern 1,ENGULFING,True,11
2026-05-04T20:15:00+00:00,2026-05-04T20:17:00+00:00,short,4522.37,4525.83,4511.671428571429,4525.83,SL,3.092072667217044,-1.0,-1.0,Setup A,Pattern 1,ENGULFING,False,3
2026-05-04T20:19:00+00:00,2026-05-04T21:27:00+00:00,short,4528.71,4531.58,4511.671428571429,4511.671428571429,TP,5.936784469885672,5.936784469885672,5.936784469885672,Setup A,Pattern 2,PIN_BAR,True,69
2026-05-04T22:19:00+00:00,2026-05-04T22:20:00+00:00,short,4519.38,4521.46,4512.321,4521.46,SL,3.393750000000213,-1.0,-1.0,Setup A,Pattern 1,ENGULFING,False,2
2026-05-04T22:22:00+00:00,2026-05-04T22:23:00+00:00,short,4520.51,4521.4,4512.321,4521.4,SL,9.201123595511978,-1.0,-1.0,Setup A,Pattern 1,ENGULFING,False,2
2026-05-04T22:28:00+00:00,2026-05-04T22:28:00+00:00,short,4522.77,4524.14,4512.321,4524.14,SL,7.627007299271063,-1.0,-1.0,Setup A,Pattern 2,PIN_BAR,False,1
2026-05-04T22:30:00+00:00,2026-05-04T22:34:00+00:00,short,4522.41,4523.81,4516.905000000001,4523.81,SL,3.932142857140753,-1.0,-1.0,Setup A,Pattern 1,ENGULFING,False,5
2026-05-04T22:41:00+00:00,2026-05-04T22:55:00+00:00,short,4524.11,4525.94,4516.905000000001,4516.905000000001,TP,3.937158469944975,3.937158469944975,3.937158469944975,Setup A,Pattern 2,PIN_BAR,False,15
2026-05-05T01:03:00+00:00,2026-05-05T01:09:00+00:00,short,4521.04,4524.52,4511.1,4521.04,BE,2.8563218390799565,0.0,0.0,Setup A,Pattern 1,ENGULFING,True,7
2026-05-05T01:15:00+00:00,2026-05-05T02:20:00+00:00,short,4521.14,4522.75,4514.638333333333,4521.14,BE,4.038302277433744,0.0,0.0,Setup A,Pattern 3,EVENING_STAR,True,66
2026-05-05T02:27:00+00:00,2026-05-05T02:41:00+00:00,short,4521.22,4521.49,4519.040909090909,4519.040909090909,TP,8.070707070723131,8.070707070723131,8.070707070723131,Setup A,Pattern 1,ENGULFING,False,15
2026-05-05T02:58:00+00:00,2026-05-05T03:00:00+00:00,short,4519.57,4520.21,4516.599999999999,4520.21,SL,4.640624999998024,-1.0,-1.0,Setup A,Pattern 1,ENGULFING,False,3
2026-05-05T03:15:00+00:00,2026-05-05T03:20:00+00:00,short,4527.9,4528.53,4521.238,4521.238,TP,10.574603174600314,10.574603174600314,10.574603174600314,Setup A,Pattern 2,PIN_BAR,True,6
2026-05-05T04:07:00+00:00,2026-05-05T04:08:00+00:00,short,4533.57,4535.51,4526.616,4535.51,SL,3.5845360824731434,-1.0,-1.0,Setup A,Pattern 1,ENGULFING,False,2
2026-05-05T04:38:00+00:00,2026-05-05T04:38:00+00:00,short,4539.53,4542.24,4526.505454545454,4539.53,BE,4.806105333780621,0.0,0.0,Setup A,Pattern 2,PIN_BAR,True,1
2026-05-05T04:45:00+00:00,2026-05-05T04:48:00+00:00,short,4536.91,4539.32,4526.505454545454,4539.32,SL,4.317238777820082,-1.0,-1.0,Setup A,Pattern 1,ENGULFING,False,4
2026-05-05T04:55:00+00:00,2026-05-05T04:57:00+00:00,short,4538.13,4539.91,4526.505454545454,4539.91,SL,6.530643513790835,-1.0,-1.0,Setup A,Pattern 1,ENGULFING,False,3
2026-05-05T05:01:00+00:00,2026-05-05T05:01:00+00:00,short,4540.95,4542.24,4535.145,4542.24,SL,4.499999999999647,-1.0,-1.0,Setup A,Pattern 2,PIN_BAR,False,1
2026-05-05T05:03:00+00:00,2026-05-05T05:04:00+00:00,short,4540.8,4542.55,4535.145,4540.8,BE,3.231428571428426,0.0,0.0,Setup A,Pattern 1,ENGULFING,True,2
2026-05-05T05:17:00+00:00,2026-05-05T05:20:00+00:00,short,4538.42,4539.36,4535.145,4535.145,TP,3.4840425531925856,3.4840425531925856,3.4840425531925856,Setup A,Pattern 2,PIN_BAR,False,4
2026-05-05T05:23:00+00:00,2026-05-05T05:23:00+00:00,short,4537.1,4537.67,4535.145,4537.67,SL,3.4298245614051326,-1.0,-1.0,Setup A,Pattern 2,PIN_BAR,False,1
2026-05-05T05:50:00+00:00,2026-05-05T06:56:00+00:00,short,4544.19,4546.59,4535.05,4535.05,TP,3.8083333333322247,3.8083333333322247,3.8083333333322247,Setup A,Pattern 1,ENGULFING,True,67
2026-05-06T18:02:00+00:00,2026-05-06T18:02:00+00:00,long,4703.46,4702.47,4712.35,4702.47,SL,8.97979797980029,-1.0,-1.0,Setup A,Pattern 1,ENGULFING,False,1
2026-05-06T18:08:00+00:00,2026-05-06T18:08:00+00:00,long,4701.01,4699.08,4704.950666666667,4699.08,SL,2.041796200344978,-1.0,-1.0,Setup A,Pattern 2,PIN_BAR,False,1
2026-05-06T18:16:00+00:00,2026-05-06T18:34:00+00:00,long,4696.09,4694.25,4705.001875,4694.25,SL,4.843410326086455,-1.0,-1.0,Setup A,Pattern 2,PIN_BAR,False,19
2026-05-06T18:36:00+00:00,2026-05-06T18:39:00+00:00,long,4693.7,4692.2,4698.444,4692.2,SL,3.1626666666670644,-1.0,-1.0,Setup A,Pattern 2,PIN_BAR,False,4
2026-05-06T18:45:00+00:00,2026-05-06T18:59:00+00:00,long,4692.94,4689.81,4704.881333333334,4689.81,SL,3.81512247071475,-1.0,-1.0,Setup A,Pattern 1,ENGULFING,False,15
2026-05-06T19:05:00+00:00,2026-05-06T19:06:00+00:00,long,4686.02,4685.26,4691.16,4685.26,SL,6.7631578947341335,-1.0,-1.0,Setup A,Pattern 2,PIN_BAR,False,2
2026-05-06T19:13:00+00:00,2026-05-06T19:41:00+00:00,long,4684.88,4682.17,4691.16,4691.16,TP,2.3173431734316092,2.3173431734316092,2.3173431734316092,Setup A,Pattern 1,ENGULFING,False,29
2026-05-07T14:16:00+00:00,2026-05-07T14:16:00+00:00,long,4730.36,4729.05,4737.7014285714295,4729.05,SL,5.604143947658505,-1.0,-1.0,Setup A,Pattern 2,PIN_BAR,False,1
2026-05-07T14:18:00+00:00,2026-05-07T14:24:00+00:00,long,4728.32,4727.27,4732.851428571428,4732.851428571428,TP,4.315646258506303,4.315646258506303,4.315646258506303,Setup A,Pattern 2,PIN_BAR,False,7
2026-05-07T14:27:00+00:00,2026-05-07T14:27:00+00:00,long,4736.06,4734.74,4742.8525,4734.74,SL,5.145833333330591,-1.0,-1.0,Setup A,Pattern 2,PIN_BAR,False,1
2026-05-07T14:34:00+00:00,2026-05-07T14:37:00+00:00,long,4734.51,4733.53,4737.626,4733.53,SL,3.1795918367331444,-1.0,-1.0,Setup A,Pattern 1,ENGULFING,False,4
2026-05-07T14:39:00+00:00,2026-05-07T14:50:00+00:00,long,4735.66,4733.6,4742.8525,4735.66,BE,3.491504854369848,0.0,0.0,Setup A,Pattern 1,ENGULFING,True,12
2026-05-07T16:30:00+00:00,2026-05-07T16:30:00+00:00,long,4745.29,4743.56,4749.22875,4743.56,SL,2.2767341040469646,-1.0,-1.0,Setup A,Pattern 1,ENGULFING,False,1
2026-05-07T16:50:00+00:00,2026-05-07T16:51:00+00:00,long,4742.44,4739.77,4749.983749999999,4739.77,SL,2.8253745318360233,-1.0,-1.0,Setup A,Pattern 2,PIN_BAR,False,2
2026-05-07T18:24:00+00:00,2026-05-07T18:24:00+00:00,long,4753.11,4749.91,4764.049999999999,4749.91,SL,3.4187500000000695,-1.0,-1.0,Setup A,Pattern 2,PIN_BAR,False,1
2026-05-07T18:43:00+00:00,2026-05-07T18:43:00+00:00,long,4743.51,4741.22,4750.155714285714,4741.22,SL,2.9020586400495825,-1.0,-1.0,Setup A,Pattern 2,PIN_BAR,False,1
2026-05-07T18:46:00+00:00,2026-05-07T18:46:00+00:00,long,4739.45,4737.59,4743.416363636364,4737.59,SL,2.132453567937953,-1.0,-1.0,Setup A,Pattern 1,ENGULFING,False,1
2026-05-07T18:51:00+00:00,2026-05-07T18:51:00+00:00,long,4734.91,4733.37,4743.416363636364,4733.37,SL,5.523612750885753,-1.0,-1.0,Setup A,Pattern 2,PIN_BAR,False,1
2026-05-07T19:18:00+00:00,2026-05-07T19:18:00+00:00,long,4712.14,4710.59,4716.96,4710.59,SL,3.109677419354286,-1.0,-1.0,Setup A,Pattern 2,PIN_BAR,False,1
2026-05-07T19:21:00+00:00,2026-05-07T19:38:00+00:00,long,4712.93,4706.14,4729.733333333334,4712.93,BE,2.474717722140409,0.0,0.0,Setup A,Pattern 1,ENGULFING,True,18
2026-05-07T19:48:00+00:00,2026-05-07T19:52:00+00:00,long,4714.09,4711.96,4723.614,4711.96,SL,4.471361502346922,-1.0,-1.0,Setup A,Pattern 1,ENGULFING,False,5
2026-05-07T19:59:00+00:00,2026-05-07T20:03:00+00:00,long,4714.72,4712.23,4723.614,4714.72,BE,3.57188755019954,0.0,0.0,Setup A,Pattern 1,ENGULFING,True,5
2026-05-07T20:07:00+00:00,2026-05-07T20:11:00+00:00,long,4717.47,4715.02,4722.389999999999,4715.02,SL,2.00816326530593,-1.0,-1.0,Setup A,Pattern 1,ENGULFING,False,5
2026-05-07T20:14:00+00:00,2026-05-07T20:18:00+00:00,long,4712.79,4711.76,4718.215,4711.76,SL,5.266990291263615,-1.0,-1.0,Setup A,Pattern 2,PIN_BAR,False,5
2026-05-07T20:31:00+00:00,2026-05-07T20:32:00+00:00,long,4700.32,4693.81,4717.373333333333,4700.32,BE,2.619559651817987,0.0,0.0,Setup A,Pattern 2,PIN_BAR,True,2
2026-05-07T20:36:00+00:00,2026-05-07T20:36:00+00:00,long,4698.69,4696.79,4708.964285714285,4696.79,SL,5.407518796993522,-1.0,-1.0,Setup A,Pattern 2,PIN_BAR,False,1
2026-05-07T20:38:00+00:00,2026-05-07T21:45:00+00:00,long,4701.55,4695.74,4717.373333333333,4701.55,BE,2.723465289730073,0.0,0.0,Setup A,Pattern 3,MORNING_STAR,True,68
2026-05-07T21:52:00+00:00,2026-05-07T21:55:00+00:00,long,4703.05,4696.62,4717.171428571428,4703.05,BE,2.1961786269715513,0.0,0.0,Setup A,Pattern 1,ENGULFING,True,4
2026-05-07T22:17:00+00:00,2026-05-07T22:17:00+00:00,long,4710.43,4709.06,4720.416666666667,4709.06,SL,7.289537712895966,-1.0,-1.0,Setup A,Pattern 1,ENGULFING,False,1
2026-05-07T22:31:00+00:00,2026-05-07T22:39:00+00:00,long,4705.38,4703.75,4711.901,4711.901,TP,4.000613496932083,4.000613496932083,4.000613496932083,Setup A,Pattern 2,PIN_BAR,True,9
2026-05-08T18:01:00+00:00,2026-05-08T18:01:00+00:00,long,4716.6,4713.56,4725.12,4716.6,BE,2.8026315789472465,0.0,0.0,Setup A,Pattern 2,PIN_BAR,True,1
2026-05-08T18:04:00+00:00,2026-05-08T18:05:00+00:00,long,4714.23,4712.8,4719.927894736842,4714.23,BE,3.9845417740174573,0.0,0.0,Setup A,Pattern 2,PIN_BAR,True,2
2026-05-08T18:09:00+00:00,2026-05-08T18:09:00+00:00,long,4720.36,4718.66,4725.12,4718.66,SL,2.800000000000428,-1.0,-1.0,Setup A,Pattern 1,ENGULFING,False,1
2026-05-08T18:16:00+00:00,2026-05-08T18:16:00+00:00,long,4707.81,4705.96,4718.982432432433,4705.96,SL,6.039152666178428,-1.0,-1.0,Setup A,Pattern 2,PIN_BAR,False,1
2026-05-08T18:19:00+00:00,2026-05-08T18:19:00+00:00,long,4706.59,4704.58,4711.43,4706.59,BE,2.407960199004786,0.0,0.0,Setup A,Pattern 2,PIN_BAR,True,1
2026-05-08T18:29:00+00:00,2026-05-08T18:30:00+00:00,long,4710.61,4709.53,4718.982432432433,4709.53,SL,7.752252252253315,-1.0,-1.0,Setup A,Pattern 2,PIN_BAR,False,2
2026-05-08T18:32:00+00:00,2026-05-08T18:32:00+00:00,long,4708.27,4704.35,4720.0807894736845,4708.27,BE,3.0129564983887334,0.0,0.0,Setup A,Pattern 2,PIN_BAR,True,1
2026-05-08T18:46:00+00:00,2026-05-08T18:47:00+00:00,long,4705.59,4701.96,4717.682790697674,4705.59,BE,3.331347299634608,0.0,0.0,Setup A,Pattern 2,PIN_BAR,True,2
2026-05-08T18:49:00+00:00,2026-05-08T18:49:00+00:00,long,4709.18,4707.82,4717.682790697674,4707.82,SL,6.252051983581033,-1.0,-1.0,Setup A,Pattern 2,PIN_BAR,False,1
2026-05-08T18:52:00+00:00,2026-05-08T18:52:00+00:00,long,4710.45,4709.43,4717.682790697674,4709.43,SL,7.090971272233011,-1.0,-1.0,Setup A,Pattern 2,PIN_BAR,False,1
2026-05-08T19:00:00+00:00,2026-05-08T19:00:00+00:00,long,4707.03,4705.48,4710.418421052632,4707.03,BE,2.1860780984720733,0.0,0.0,Setup A,Pattern 1,ENGULFING,True,1
2026-05-08T19:11:00+00:00,2026-05-08T19:30:00+00:00,long,4710.44,4706.73,4717.903,4717.903,TP,2.0115902964961117,2.0115902964961117,2.0115902964961117,Setup A,Pattern 3,MORNING_STAR,True,20
2026-05-08T20:18:00+00:00,2026-05-08T20:23:00+00:00,long,4718.39,4716.36,4727.326923076923,4718.39,BE,4.402425161044166,0.0,0.0,Setup A,Pattern 1,ENGULFING,True,6
2026-05-11T08:16:00+00:00,2026-05-11T08:22:00+00:00,short,4673.08,4674.42,4670.326,4674.42,SL,2.055223880596721,-1.0,-1.0,Setup A,Pattern 1,ENGULFING,False,7
2026-05-11T09:35:00+00:00,2026-05-11T09:36:00+00:00,short,4669.81,4670.96,4663.62,4670.96,SL,5.382608695654319,-1.0,-1.0,Setup A,Pattern 1,ENGULFING,False,2
2026-05-11T09:38:00+00:00,2026-05-11T09:38:00+00:00,short,4671.52,4672.18,4663.62,4672.18,SL,11.969696969700436,-1.0,-1.0,Setup A,Pattern 2,PIN_BAR,False,1
2026-05-11T09:43:00+00:00,2026-05-11T09:43:00+00:00,short,4671.5,4672.75,4663.62,4672.75,SL,6.304000000000087,-1.0,-1.0,Setup A,Pattern 2,PIN_BAR,False,1
2026-05-11T09:47:00+00:00,2026-05-11T09:48:00+00:00,short,4674.16,4675.02,4670.441428571428,4675.02,SL,4.323920265777913,-1.0,-1.0,Setup A,Pattern 2,PIN_BAR,False,2
2026-05-11T09:55:00+00:00,2026-05-11T09:55:00+00:00,short,4678.99,4680.41,4675.306,4678.99,BE,2.594366197183104,0.0,0.0,Setup A,Pattern 2,PIN_BAR,True,1
2026-05-11T09:59:00+00:00,2026-05-11T09:59:00+00:00,short,4677.47,4679.06,4670.441428571428,4677.47,BE,4.420485175202062,0.0,0.0,Setup A,Pattern 2,PIN_BAR,True,1
2026-05-11T10:01:00+00:00,2026-05-11T10:02:00+00:00,short,4678.31,4680.19,4670.54625,4680.19,SL,4.129654255320946,-1.0,-1.0,Setup A,Pattern 2,PIN_BAR,False,2
2026-05-11T10:06:00+00:00,2026-05-11T10:15:00+00:00,short,4676.71,4678.97,4670.54625,4676.71,BE,2.727323008849165,0.0,0.0,Setup A,Pattern 1,ENGULFING,True,10
2026-05-11T10:20:00+00:00,2026-05-11T10:20:00+00:00,short,4673.11,4674.48,4667.1900000000005,4674.48,SL,4.321167883211412,-1.0,-1.0,Setup A,Pattern 2,PIN_BAR,False,1
2026-05-11T10:23:00+00:00,2026-05-11T10:23:00+00:00,short,4674.01,4674.79,4670.54625,4674.79,SL,4.440705128206438,-1.0,-1.0,Setup A,Pattern 2,PIN_BAR,False,1
2026-05-11T10:28:00+00:00,2026-05-11T10:47:00+00:00,short,4676.93,4678.06,4670.54625,4670.54625,TP,5.649336283185263,5.649336283185263,5.649336283185263,Setup A,Pattern 2,PIN_BAR,True,20
2026-05-11T11:46:00+00:00,2026-05-11T11:46:00+00:00,short,4670.1,4671.02,4667.1900000000005,4671.02,SL,3.163043478260461,-1.0,-1.0,Setup A,Pattern 2,PIN_BAR,False,1
2026-05-11T11:51:00+00:00,2026-05-11T11:52:00+00:00,short,4669.54,4671.12,4663.88,4669.54,BE,3.582278481012731,0.0,0.0,Setup A,Pattern 1,ENGULFING,True,2
2026-05-11T13:20:00+00:00,2026-05-11T13:21:00+00:00,short,4662.57,4662.96,4656.466666666667,4662.96,SL,15.649572649557522,-1.0,-1.0,Setup A,Pattern 2,PIN_BAR,False,2
2026-05-11T13:35:00+00:00,2026-05-11T13:35:00+00:00,short,4665.83,4666.17,4664.197999999999,4666.17,SL,4.799999999999465,-1.0,-1.0,Setup A,Pattern 3,EVENING_STAR,False,1
2026-05-11T13:43:00+00:00,2026-05-11T13:44:00+00:00,short,4661.59,4663.2,4656.466666666667,4663.2,SL,3.182194616977662,-1.0,-1.0,Setup A,Pattern 2,PIN_BAR,False,2
2026-05-11T13:46:00+00:00,2026-05-11T13:49:00+00:00,short,4662.9,4664.62,4656.466666666667,4664.62,SL,3.7403100775183327,-1.0,-1.0,Setup A,Pattern 2,PIN_BAR,False,4
2026-05-11T13:57:00+00:00,2026-05-11T13:57:00+00:00,short,4664.91,4665.18,4664.197999999999,4665.18,SL,2.637037037034417,-1.0,-1.0,Setup A,Pattern 1,ENGULFING,False,1
2026-05-11T14:00:00+00:00,2026-05-11T14:00:00+00:00,short,4663.89,4665.24,4660.676666666667,4665.24,SL,2.3802469135810655,-1.0,-1.0,Setup A,Pattern 1,ENGULFING,False,1
2026-05-11T14:12:00+00:00,2026-05-11T14:14:00+00:00,short,4667.98,4669.45,4664.197999999999,4669.45,SL,2.5727891156459166,-1.0,-1.0,Setup A,Pattern 1,ENGULFING,False,3
2026-05-11T14:32:00+00:00,2026-05-11T14:32:00+00:00,short,4671.85,4672.85,4667.191428571428,4671.85,BE,4.658571428572031,0.0,0.0,Setup A,Pattern 2,PIN_BAR,True,1
2026-05-11T14:53:00+00:00,2026-05-11T14:53:00+00:00,short,4671.93,4672.82,4667.191428571428,4672.82,SL,5.3242375601966945,-1.0,-1.0,Setup A,Pattern 1,ENGULFING,False,1
2026-05-11T14:58:00+00:00,2026-05-11T14:58:00+00:00,short,4672.75,4673.72,4667.191428571428,4673.72,SL,5.730486008835267,-1.0,-1.0,Setup A,Pattern 2,PIN_BAR,False,1
2026-05-12T06:13:00+00:00,2026-05-12T06:16:00+00:00,long,4729.66,4728.55,4733.835238095238,4729.66,BE,3.7614757614771954,0.0,0.0,Setup A,Pattern 2,PIN_BAR,True,4
2026-05-12T06:37:00+00:00,2026-05-12T06:38:00+00:00,long,4725.97,4725.3,4728.684285714286,4725.97,BE,4.051172707888104,0.0,0.0,Setup A,Pattern 1,ENGULFING,True,2
2026-05-12T06:51:00+00:00,2026-05-12T06:51:00+00:00,long,4720.46,4719.11,4724.455862068966,4720.46,BE,2.9598978288627835,0.0,0.0,Setup A,Pattern 2,PIN_BAR,True,1
2026-05-12T06:56:00+00:00,2026-05-12T06:56:00+00:00,long,4719.79,4719.1,4724.455862068966,4719.1,SL,6.762118940534222,-1.0,-1.0,Setup A,Pattern 2,PIN_BAR,False,1
2026-05-12T06:58:00+00:00,2026-05-12T07:15:00+00:00,long,4719.56,4718.25,4724.455862068966,4724.455862068966,TP,3.7372992892854775,3.7372992892854775,3.7372992892854775,Setup A,Pattern 2,PIN_BAR,True,18
2026-05-12T07:21:00+00:00,2026-05-12T07:21:00+00:00,long,4727.11,4725.76,4733.293333333333,4727.11,BE,4.580246913582143,0.0,0.0,Setup A,Pattern 2,PIN_BAR,True,1
2026-05-12T07:28:00+00:00,2026-05-12T07:29:00+00:00,long,4725.27,4724.36,4727.872666666666,4724.36,SL,2.8600732600698566,-1.0,-1.0,Setup A,Pattern 1,ENGULFING,False,2
2026-05-12T07:32:00+00:00,2026-05-12T07:32:00+00:00,long,4722.86,4721.95,4727.724999999999,4722.86,BE,5.346153846154461,0.0,0.0,Setup A,Pattern 1,ENGULFING,True,1
2026-05-12T07:39:00+00:00,2026-05-12T07:41:00+00:00,long,4725.62,4724.88,4727.724999999999,4724.88,SL,2.844594594594844,-1.0,-1.0,Setup A,Pattern 2,PIN_BAR,False,3
2026-05-12T07:43:00+00:00,2026-05-12T07:46:00+00:00,long,4724.65,4723.8,4727.724999999999,4723.8,SL,3.617647058825638,-1.0,-1.0,Setup A,Pattern 2,PIN_BAR,False,4
2026-05-12T08:01:00+00:00,2026-05-12T08:01:00+00:00,long,4713.83,4710.96,4721.622857142857,4713.83,BE,2.7152812344452,0.0,0.0,Setup A,Pattern 2,PIN_BAR,True,1
2026-05-12T08:41:00+00:00,2026-05-12T08:41:00+00:00,long,4716.39,4715.48,4719.865,4715.48,SL,3.818681318677513,-1.0,-1.0,Setup A,Pattern 2,PIN_BAR,False,1
2026-05-12T09:45:00+00:00,2026-05-12T09:45:00+00:00,long,4702.46,4701.44,4718.315714285714,4701.44,SL,15.544817927164312,-1.0,-1.0,Setup A,Pattern 2,PIN_BAR,False,1
2026-05-12T09:47:00+00:00,2026-05-12T09:48:00+00:00,long,4703.99,4702.26,4718.315714285714,4702.26,SL,8.280759702727314,-1.0,-1.0,Setup A,Pattern 1,ENGULFING,False,2
2026-05-12T10:07:00+00:00,2026-05-12T10:07:00+00:00,long,4692.0,4690.13,4703.9800000000005,4690.13,SL,6.406417112300092,-1.0,-1.0,Setup A,Pattern 2,PIN_BAR,False,1
2026-05-12T10:09:00+00:00,2026-05-12T11:01:00+00:00,long,4693.55,4689.05,4703.9800000000005,4703.9800000000005,TP,2.3177777777778426,2.3177777777778426,2.3177777777778426,Setup A,Pattern 1,ENGULFING,True,53
2026-05-12T12:18:00+00:00,2026-05-12T12:19:00+00:00,long,4699.28,4698.04,4703.74875,4699.28,BE,3.6038306451619246,0.0,0.0,Setup A,Pattern 1,ENGULFING,True,2
2026-05-12T12:23:00+00:00,2026-05-12T12:23:00+00:00,long,4699.78,4698.38,4703.74875,4699.78,BE,2.834821428572165,0.0,0.0,Setup A,Pattern 1,ENGULFING,True,1
2026-05-12T12:29:00+00:00,2026-05-12T12:29:00+00:00,long,4699.69,4698.73,4703.74875,4698.73,SL,4.227864583333325,-1.0,-1.0,Setup A,Pattern 1,ENGULFING,False,1
2026-05-12T12:31:00+00:00,2026-05-12T12:36:00+00:00,long,4703.35,4699.6,4718.661999999999,4699.6,SL,4.083199999999731,-1.0,-1.0,Setup A,Pattern 1,ENGULFING,False,6
2026-05-12T12:43:00+00:00,2026-05-12T12:43:00+00:00,long,4701.3,4700.04,4707.2675,4700.04,SL,4.736111111110088,-1.0,-1.0,Setup A,Pattern 1,ENGULFING,False,1
2026-05-12T12:47:00+00:00,2026-05-12T12:47:00+00:00,long,4695.81,4694.59,4698.51,4698.51,TP,2.2131147540977496,2.2131147540977496,2.2131147540977496,Setup A,Pattern 1,ENGULFING,False,1
2026-05-12T12:56:00+00:00,2026-05-12T12:56:00+00:00,long,4697.27,4696.43,4703.5922222222225,4697.27,BE,7.526455026453554,0.0,0.0,Setup A,Pattern 2,PIN_BAR,True,1
2026-05-12T12:58:00+00:00,2026-05-12T12:58:00+00:00,long,4698.52,4697.18,4703.5922222222225,4698.52,BE,3.7852404643444255,0.0,0.0,Setup A,Pattern 2,PIN_BAR,True,1
2026-05-13T19:05:00+00:00,2026-05-13T19:05:00+00:00,short,4697.73,4698.86,4693.550952380952,4698.86,SL,3.6982722292449495,-1.0,-1.0,Setup A,Pattern 2,PIN_BAR,False,1
2026-05-13T19:07:00+00:00,2026-05-13T19:07:00+00:00,short,4698.54,4699.68,4693.550952380952,4699.68,SL,4.37635756056681,-1.0,-1.0,Setup A,Pattern 2,PIN_BAR,False,1
2026-05-13T19:22:00+00:00,2026-05-13T19:23:00+00:00,short,4700.9,4702.88,4696.3207142857145,4702.88,SL,2.3127705627697033,-1.0,-1.0,Setup A,Pattern 2,PIN_BAR,False,2
2026-05-13T19:26:00+00:00,2026-05-13T19:27:00+00:00,short,4705.97,4707.66,4699.338333333333,4707.66,SL,3.9240631163720034,-1.0,-1.0,Setup A,Pattern 2,PIN_BAR,False,2
2026-05-13T19:30:00+00:00,2026-05-13T19:51:00+00:00,short,4706.89,4709.9,4697.218666666667,4697.218666666667,TP,3.2130675526032886,3.2130675526032886,3.2130675526032886,Setup A,Pattern 1,ENGULFING,True,22
2026-05-13T21:31:00+00:00,2026-05-13T21:31:00+00:00,short,4691.53,4692.14,4685.751818181818,4692.14,SL,9.47242921012542,-1.0,-1.0,Setup A,Pattern 3,EVENING_STAR,False,1
2026-05-13T21:33:00+00:00,2026-05-13T21:41:00+00:00,short,4691.27,4691.78,4685.751818181818,4691.27,BE,10.81996434939253,0.0,0.0,Setup A,Pattern 1,ENGULFING,True,9
2026-05-13T21:59:00+00:00,2026-05-13T21:59:00+00:00,short,4685.09,4687.17,4677.495,4685.09,BE,3.651442307692558,0.0,0.0,Setup A,Pattern 1,ENGULFING,True,1
2026-05-13T22:32:00+00:00,2026-05-13T22:32:00+00:00,short,4687.82,4688.59,4685.940714285714,4687.82,BE,2.4406307977717177,0.0,0.0,Setup A,Pattern 2,PIN_BAR,True,1
2026-05-13T22:39:00+00:00,2026-05-13T22:39:00+00:00,short,4687.1,4687.78,4683.31,4687.78,SL,5.573529411769721,-1.0,-1.0,Setup A,Pattern 1,ENGULFING,False,1
2026-05-13T22:49:00+00:00,2026-05-13T22:49:00+00:00,short,4688.87,4689.29,4685.848,4689.29,SL,7.195238095236693,-1.0,-1.0,Setup A,Pattern 2,PIN_BAR,False,1
2026-05-13T22:53:00+00:00,2026-05-13T22:53:00+00:00,short,4685.52,4688.16,4677.526,4685.52,BE,3.028030303031197,0.0,0.0,Setup A,Pattern 1,ENGULFING,True,1
2026-05-13T23:18:00+00:00,2026-05-13T23:19:00+00:00,short,4690.38,4690.86,4685.856875,4690.86,SL,9.423177083341297,-1.0,-1.0,Setup A,Pattern 1,ENGULFING,False,2
2026-05-13T23:21:00+00:00,2026-05-13T23:21:00+00:00,short,4691.03,4691.46,4685.856875,4691.46,SL,12.030523255804288,-1.0,-1.0,Setup A,Pattern 2,PIN_BAR,False,1
2026-05-13T23:28:00+00:00,2026-05-13T23:28:00+00:00,short,4692.71,4693.42,4690.515,4692.71,BE,3.0915492957740796,0.0,0.0,Setup A,Pattern 1,ENGULFING,True,1
2026-05-13T23:32:00+00:00,2026-05-14T01:00:00+00:00,short,4691.15,4692.79,4685.856875,4692.79,SL,3.227515243901329,-1.0,-1.0,Setup A,Pattern 1,ENGULFING,False,27
2026-05-15T05:18:00+00:00,2026-05-15T05:18:00+00:00,short,4611.7,4613.1,4608.098,4613.1,SL,2.572857142856041,-1.0,-1.0,Setup A,Pattern 1,ENGULFING,False,1
2026-05-15T05:21:00+00:00,2026-05-15T05:44:00+00:00,short,4614.56,4616.62,4608.098,4616.62,SL,3.1368932038844863,-1.0,-1.0,Setup A,Pattern 2,PIN_BAR,False,24
2026-05-15T06:07:00+00:00,2026-05-15T06:09:00+00:00,short,4621.42,4622.28,4616.894,4616.894,TP,5.262790697676236,5.262790697676236,5.262790697676236,Setup A,Pattern 2,PIN_BAR,False,3
2026-05-15T06:11:00+00:00,2026-05-15T06:12:00+00:00,short,4617.87,4618.64,4608.88,4618.64,SL,11.675324675317773,-1.0,-1.0,Setup A,Pattern 2,PIN_BAR,False,2
2026-05-15T06:14:00+00:00,2026-05-15T06:34:00+00:00,short,4617.25,4619.72,4608.88,4608.88,TP,3.3886639676109427,3.3886639676109427,3.3886639676109427,Setup A,Pattern 1,ENGULFING,False,21
2026-05-15T09:36:00+00:00,2026-05-15T09:36:00+00:00,short,4575.25,4576.19,4572.29,4572.29,TP,3.1489361702141454,3.1489361702141454,3.1489361702141454,Setup A,Pattern 2,PIN_BAR,False,1
2026-05-15T09:39:00+00:00,2026-05-15T09:39:00+00:00,short,4572.26,4573.76,4557.15,4573.76,SL,10.073333333333721,-1.0,-1.0,Setup A,Pattern 2,PIN_BAR,False,1
2026-05-15T10:21:00+00:00,2026-05-15T10:26:00+00:00,short,4586.68,4588.67,4579.86,4579.86,TP,3.4271356783926463,3.4271356783926463,3.4271356783926463,Setup A,Pattern 2,PIN_BAR,False,6
2026-05-15T10:31:00+00:00,2026-05-15T10:50:00+00:00,short,4581.33,4583.41,4572.78,4572.78,TP,4.110576923077154,4.110576923077154,4.110576923077154,Setup A,Pattern 3,EVENING_STAR,False,20
2026-05-15T13:15:00+00:00,2026-05-15T13:15:00+00:00,short,4561.0,4562.52,4556.332,4562.52,SL,3.071052631577845,-1.0,-1.0,Setup A,Pattern 2,PIN_BAR,False,1
2026-05-15T13:33:00+00:00,2026-05-15T13:33:00+00:00,short,4553.48,4554.73,4544.9525,4554.73,SL,6.821999999999389,-1.0,-1.0,Setup A,Pattern 1,ENGULFING,False,1
2026-05-15T14:00:00+00:00,2026-05-15T14:00:00+00:00,short,4566.05,4569.02,4556.101428571428,4569.02,SL,3.3496873496872532,-1.0,-1.0,Setup A,Pattern 3,EVENING_STAR,False,1
2026-05-15T14:02:00+00:00,2026-05-15T14:02:00+00:00,short,4567.22,4570.21,4556.101428571428,4567.22,BE,3.7185857620645084,0.0,0.0,Setup A,Pattern 2,PIN_BAR,True,1
2026-05-15T14:09:00+00:00,2026-05-15T14:10:00+00:00,short,4563.09,4564.58,4556.101428571428,4564.58,SL,4.690316395015424,-1.0,-1.0,Setup A,Pattern 2,PIN_BAR,False,2
2026-05-15T14:13:00+00:00,2026-05-15T14:16:00+00:00,short,4566.29,4568.91,4556.101428571428,4566.29,BE,3.8887677208290845,0.0,0.0,Setup A,Pattern 2,PIN_BAR,True,4
2026-05-15T14:26:00+00:00,2026-05-15T15:15:00+00:00,short,4559.33,4564.76,4544.9525,4544.9525,TP,2.6477900552484033,2.6477900552484033,2.6477900552484033,Setup A,Pattern 1,ENGULFING,True,50
2026-05-15T17:32:00+00:00,2026-05-15T17:35:00+00:00,short,4554.63,4559.76,4539.918,4559.76,SL,2.867836257309967,-1.0,-1.0,Setup A,Pattern 1,ENGULFING,False,4
2026-05-15T17:40:00+00:00,2026-05-15T17:51:00+00:00,short,4555.94,4559.0,4546.614615384615,4546.614615384615,TP,3.047511312216854,3.047511312216854,3.047511312216854,Setup A,Pattern 2,PIN_BAR,False,12
2026-05-15T17:54:00+00:00,2026-05-15T17:54:00+00:00,short,4549.73,4551.11,4546.614615384615,4551.11,SL,2.257525083611963,-1.0,-1.0,Setup A,Pattern 2,PIN_BAR,False,1
2026-05-15T18:02:00+00:00,2026-05-15T18:02:00+00:00,short,4558.51,4563.44,4546.274615384616,4558.51,BE,2.481822437198008,0.0,0.0,Setup A,Pattern 2,PIN_BAR,True,1
2026-05-15T18:05:00+00:00,2026-05-15T18:05:00+00:00,short,4553.28,4556.06,4546.274615384616,4556.06,SL,2.5199225235188933,-1.0,-1.0,Setup A,Pattern 1,ENGULFING,False,1
2026-05-15T19:47:00+00:00,2026-05-15T20:01:00+00:00,short,4545.39,4548.03,4539.941428571428,4548.03,SL,2.0638528138534835,-1.0,-1.0,Setup A,Pattern 1,ENGULFING,False,15
2026-05-15T20:04:00+00:00,2026-05-15T20:06:00+00:00,short,4549.18,4551.82,4540.18875,4551.82,SL,3.40577651515228,-1.0,-1.0,Setup A,Pattern 1,ENGULFING,False,3
2026-05-15T20:16:00+00:00,2026-05-15T20:21:00+00:00,short,4555.66,4557.53,4550.42,4557.53,SL,2.802139037433202,-1.0,-1.0,Setup A,Pattern 1,ENGULFING,False,6
2026-05-15T20:27:00+00:00,2026-05-15T21:14:00+00:00,short,4561.73,4564.49,4550.42,4561.73,BE,4.0978260869560135,0.0,0.0,Setup A,Pattern 2,PIN_BAR,True,48
2026-05-15T21:16:00+00:00,2026-05-15T21:18:00+00:00,short,4561.03,4563.0,4556.504,4556.504,TP,2.297461928933632,2.297461928933632,2.297461928933632,Setup A,Pattern 2,PIN_BAR,False,3
2026-05-15T21:25:00+00:00,2026-05-15T21:46:00+00:00,short,4558.62,4559.89,4550.6221428571425,4558.62,BE,6.297525309334336,0.0,0.0,Setup A,Pattern 2,PIN_BAR,True,22
2026-05-18T01:20:00+00:00,2026-05-18T01:31:00+00:00,short,4545.06,4549.77,4532.5575,4549.77,SL,2.6544585987262024,-1.0,-1.0,Setup A,Pattern 1,ENGULFING,False,12
2026-05-18T01:45:00+00:00,2026-05-18T01:45:00+00:00,short,4549.98,4553.09,4541.369411764706,4553.09,SL,2.768677889161545,-1.0,-1.0,Setup A,Pattern 1,ENGULFING,False,1
2026-05-18T01:52:00+00:00,2026-05-18T01:52:00+00:00,short,4549.59,4550.67,4544.636666666667,4550.67,SL,4.586419753086347,-1.0,-1.0,Setup A,Pattern 2,PIN_BAR,False,1
2026-05-18T01:54:00+00:00,2026-05-18T02:30:00+00:00,short,4547.36,4550.72,4536.755,4536.755,TP,3.156249999999323,3.156249999999323,3.156249999999323,Setup A,Pattern 1,ENGULFING,False,37
2026-05-18T04:30:00+00:00,2026-05-18T04:30:00+00:00,short,4503.99,4505.75,4491.195,4505.75,SL,7.269886363635504,-1.0,-1.0,Setup A,Pattern 2,PIN_BAR,False,1
2026-05-18T04:36:00+00:00,2026-05-18T04:45:00+00:00,short,4510.95,4513.72,4491.195,4513.72,SL,7.131768953067508,-1.0,-1.0,Setup A,Pattern 2,PIN_BAR,False,10
2026-05-18T05:18:00+00:00,2026-05-18T05:18:00+00:00,short,4533.01,4537.52,4520.305714285714,4533.01,BE,2.816914792524479,0.0,0.0,Setup A,Pattern 1,ENGULFING,True,1
2026-05-18T05:21:00+00:00,2026-05-18T05:22:00+00:00,short,4534.42,4537.01,4528.945,4537.01,SL,2.1138996138996355,-1.0,-1.0,Setup A,Pattern 2,PIN_BAR,False,2
2026-05-18T05:28:00+00:00,2026-05-18T05:31:00+00:00,short,4536.41,4539.95,4528.945,4536.41,BE,2.1087570621469554,0.0,0.0,Setup A,Pattern 1,ENGULFING,True,4
2026-05-18T05:59:00+00:00,2026-05-18T05:59:00+00:00,short,4533.59,4535.12,4520.305714285714,4533.59,BE,8.682539682541277,0.0,0.0,Setup A,Pattern 2,PIN_BAR,True,1
2026-05-18T06:56:00+00:00,2026-05-18T06:57:00+00:00,short,4541.7,4543.6,4532.065294117647,4543.6,SL,5.070897832815937,-1.0,-1.0,Setup A,Pattern 2,PIN_BAR,False,2
2026-05-18T06:59:00+00:00,2026-05-18T07:01:00+00:00,short,4542.96,4543.73,4532.065294117647,4543.73,SL,14.148968678389553,-1.0,-1.0,Setup A,Pattern 2,PIN_BAR,False,3
2026-05-18T07:06:00+00:00,2026-05-18T07:28:00+00:00,short,4546.4,4549.72,4531.790625,4531.790625,TP,4.400414156625686,4.400414156625686,4.400414156625686,Setup A,Pattern 2,PIN_BAR,False,23
2026-05-18T07:48:00+00:00,2026-05-18T07:51:00+00:00,short,4540.44,4541.69,4533.7975,4541.69,SL,5.313999999999941,-1.0,-1.0,Setup A,Pattern 2,PIN_BAR,False,4
2026-05-18T07:54:00+00:00,2026-05-18T08:03:00+00:00,short,4543.39,4545.68,4533.7975,4533.7975,TP,4.188864628821313,4.188864628821313,4.188864628821313,Setup A,Pattern 2,PIN_BAR,False,10
2026-05-18T08:16:00+00:00,2026-05-18T08:17:00+00:00,short,4535.16,4538.26,4528.52625,4538.26,SL,2.139919354838447,-1.0,-1.0,Setup A,Pattern 1,ENGULFING,False,2
2026-05-18T08:32:00+00:00,2026-05-18T09:24:00+00:00,short,4543.59,4550.25,4523.4366666666665,4543.59,BE,3.0260260260261393,0.0,0.0,Setup A,Pattern 1,ENGULFING,True,53
2026-05-18T09:49:00+00:00,2026-05-18T09:55:00+00:00,short,4544.95,4546.23,4542.2210526315785,4546.23,SL,2.131990131579611,-1.0,-1.0,Setup A,Pattern 2,PIN_BAR,False,7
2026-05-18T10:01:00+00:00,2026-05-18T10:01:00+00:00,short,4546.29,4547.15,4542.7395,4547.15,SL,4.128488372094925,-1.0,-1.0,Setup A,Pattern 1,ENGULFING,False,1
2026-05-18T10:03:00+00:00,2026-05-18T10:20:00+00:00,short,4546.55,4549.4,4539.16,4539.16,TP,2.5929824561409625,2.5929824561409625,2.5929824561409625,Setup A,Pattern 2,PIN_BAR,False,18
2026-05-18T10:23:00+00:00,2026-05-18T10:25:00+00:00,short,4540.53,4541.3,4536.399411764705,4541.3,SL,5.364400305574171,-1.0,-1.0,Setup A,Pattern 2,PIN_BAR,False,3
2026-05-18T10:33:00+00:00,2026-05-18T13:05:00+00:00,short,4553.94,4559.94,4539.16,4539.16,TP,2.4633333333332907,2.4633333333332907,2.4633333333332907,Setup A,Pattern 2,PIN_BAR,False,153
2026-05-19T06:15:00+00:00,2026-05-19T06:15:00+00:00,long,4551.83,4550.63,4556.949,4551.83,BE,4.2658333333337195,0.0,0.0,Setup A,Pattern 1,ENGULFING,True,1
2026-05-19T06:18:00+00:00,2026-05-19T06:18:00+00:00,long,4551.42,4548.47,4562.5779999999995,4551.42,BE,3.782372881355978,0.0,0.0,Setup A,Pattern 2,PIN_BAR,True,1
2026-05-19T06:26:00+00:00,2026-05-19T06:26:00+00:00,long,4548.32,4547.72,4552.97375,4547.72,SL,7.7562500000077215,-1.0,-1.0,Setup A,Pattern 2,PIN_BAR,False,1
2026-05-19T06:28:00+00:00,2026-05-19T06:30:00+00:00,long,4550.25,4548.17,4556.949,4548.17,SL,3.220673076923004,-1.0,-1.0,Setup A,Pattern 1,ENGULFING,False,3
2026-05-19T06:33:00+00:00,2026-05-19T06:33:00+00:00,long,4548.48,4547.0,4552.974444444445,4548.48,BE,3.0367867867883516,0.0,0.0,Setup A,Pattern 2,PIN_BAR,True,1
2026-05-19T06:38:00+00:00,2026-05-19T06:38:00+00:00,long,4550.79,4549.97,4552.974444444445,4552.974444444445,TP,2.663956639568061,2.663956639568061,2.663956639568061,Setup A,Pattern 2,PIN_BAR,False,1
2026-05-19T07:02:00+00:00,2026-05-19T07:09:00+00:00,long,4543.43,4541.51,4547.8,4541.51,SL,2.2760416666665235,-1.0,-1.0,Setup A,Pattern 2,PIN_BAR,False,8
2026-05-19T07:12:00+00:00,2026-05-19T07:13:00+00:00,long,4543.49,4541.12,4553.660769230769,4541.12,SL,4.291463810451299,-1.0,-1.0,Setup A,Pattern 1,ENGULFING,False,2
2026-05-19T07:16:00+00:00,2026-05-19T07:20:00+00:00,long,4540.37,4538.38,4547.681666666667,4540.37,BE,3.6742043551096524,0.0,0.0,Setup A,Pattern 2,PIN_BAR,True,5
2026-05-19T07:29:00+00:00,2026-05-19T07:30:00+00:00,long,4539.46,4538.21,4543.766666666666,4538.21,SL,3.44533333333311,-1.0,-1.0,Setup A,Pattern 2,PIN_BAR,False,2
2026-05-19T07:34:00+00:00,2026-05-19T07:34:00+00:00,long,4539.55,4538.52,4543.699,4538.52,SL,4.02815533980627,-1.0,-1.0,Setup A,Pattern 2,PIN_BAR,False,1
2026-05-19T07:40:00+00:00,2026-05-19T07:44:00+00:00,long,4540.57,4539.46,4543.699,4539.46,SL,2.8189189189196653,-1.0,-1.0,Setup A,Pattern 1,ENGULFING,False,5
2026-05-19T07:46:00+00:00,2026-05-19T08:01:00+00:00,long,4540.98,4539.74,4544.573333333334,4544.573333333334,TP,2.8978494623667665,2.8978494623667665,2.8978494623667665,Setup A,Pattern 1,ENGULFING,True,16
2026-05-19T08:05:00+00:00,2026-05-19T08:08:00+00:00,long,4544.3,4541.73,4551.975714285714,4541.73,SL,2.986659255140952,-1.0,-1.0,Setup B,Pattern 1,ENGULFING,False,4
2026-05-19T08:12:00+00:00,2026-05-19T08:21:00+00:00,long,4546.17,4540.22,4558.1866666666665,4540.22,SL,2.0196078431372757,-1.0,-1.0,Setup B,Pattern 2,PIN_BAR,False,10
2026-05-19T08:31:00+00:00,2026-05-19T08:45:00+00:00,long,4537.46,4533.07,4548.241666666667,4537.46,BE,2.4559605163248173,0.0,0.0,Setup A,Pattern 2,PIN_BAR,True,15
2026-05-19T08:47:00+00:00,2026-05-19T08:48:00+00:00,long,4540.51,4537.01,4551.112222222222,4537.01,SL,3.029206349206236,-1.0,-1.0,Setup A,Pattern 1,ENGULFING,False,2
2026-05-19T08:58:00+00:00,2026-05-19T08:59:00+00:00,long,4541.83,4540.73,4544.384117647059,4540.73,SL,2.3219251336890268,-1.0,-1.0,Setup A,Pattern 1,ENGULFING,False,2
2026-05-19T09:04:00+00:00,2026-05-19T09:04:00+00:00,long,4540.07,4538.61,4544.333333333333,4538.61,SL,2.920091324200832,-1.0,-1.0,Setup A,Pattern 2,PIN_BAR,False,1
2026-05-19T09:07:00+00:00,2026-05-19T09:13:00+00:00,long,4537.43,4536.12,4544.333333333333,4544.333333333333,TP,5.269720101779107,5.269720101779107,5.269720101779107,Setup A,Pattern 2,PIN_BAR,False,7
2026-05-19T18:02:00+00:00,2026-05-19T18:02:00+00:00,short,4496.9,4498.54,4486.093333333333,4498.54,SL,6.5894308943074575,-1.0,-1.0,Setup A,Pattern 2,PIN_BAR,False,1
2026-05-19T18:12:00+00:00,2026-05-19T18:12:00+00:00,short,4496.34,4498.37,4486.093333333333,4498.37,SL,5.047619047619794,-1.0,-1.0,Setup A,Pattern 2,PIN_BAR,False,1
2026-05-19T18:23:00+00:00,2026-05-19T18:30:00+00:00,short,4496.89,4501.34,4486.093333333333,4501.34,SL,2.4262172284646115,-1.0,-1.0,Setup A,Pattern 1,ENGULFING,False,8
2026-05-19T18:34:00+00:00,2026-05-19T18:34:00+00:00,short,4505.0,4506.16,4493.206666666666,4506.16,SL,10.166666666668496,-1.0,-1.0,Setup A,Pattern 2,PIN_BAR,False,1
2026-05-19T18:40:00+00:00,2026-05-19T18:53:00+00:00,short,4503.03,4505.1,4493.206666666666,4505.1,SL,4.7455716586139065,-1.0,-1.0,Setup A,Pattern 1,ENGULFING,False,14
2026-05-19T18:58:00+00:00,2026-05-19T18:59:00+00:00,short,4507.38,4509.08,4493.875714285715,4509.08,SL,7.943697478992196,-1.0,-1.0,Setup A,Pattern 2,PIN_BAR,False,2
2026-05-19T19:02:00+00:00,2026-05-19T19:09:00+00:00,short,4507.4,4509.69,4499.9349999999995,4499.9349999999995,TP,3.2598253275110323,3.2598253275110323,3.2598253275110323,Setup A,Pattern 1,ENGULFING,False,8
2026-05-19T19:12:00+00:00,2026-05-19T19:13:00+00:00,short,4498.8,4500.0,4493.875714285715,4500.0,SL,4.103571428571756,-1.0,-1.0,Setup A,Pattern 2,PIN_BAR,False,2
2026-05-19T19:16:00+00:00,2026-05-19T19:23:00+00:00,short,4501.05,4503.0,4494.16625,4503.0,SL,3.530128205128516,-1.0,-1.0,Setup A,Pattern 2,PIN_BAR,False,8
2026-05-19T19:27:00+00:00,2026-05-19T19:32:00+00:00,short,4508.29,4511.95,4500.952,4511.95,SL,2.004918032786893,-1.0,-1.0,Setup A,Pattern 2,PIN_BAR,False,6
2026-05-19T19:41:00+00:00,2026-05-19T19:42:00+00:00,short,4507.72,4509.17,4499.018571428572,4509.17,SL,6.000985221675616,-1.0,-1.0,Setup A,Pattern 1,ENGULFING,False,2
2026-05-19T19:44:00+00:00,2026-05-19T19:52:00+00:00,short,4506.33,4507.61,4499.018571428572,4507.61,SL,5.712053571429436,-1.0,-1.0,Setup A,Pattern 2,PIN_BAR,False,9
2026-05-19T20:00:00+00:00,2026-05-19T20:01:00+00:00,short,4507.71,4509.26,4504.0175,4509.26,SL,2.38225806451592,-1.0,-1.0,Setup A,Pattern 1,ENGULFING,False,2
2026-05-19T20:03:00+00:00,2026-05-19T20:05:00+00:00,short,4507.15,4507.78,4504.0175,4507.78,SL,4.972222222220899,-1.0,-1.0,Setup A,Pattern 1,ENGULFING,False,3
2026-05-19T20:07:00+00:00,2026-05-19T20:07:00+00:00,short,4505.88,4507.37,4497.546666666666,4507.37,SL,5.592841163312189,-1.0,-1.0,Setup A,Pattern 1,ENGULFING,False,1
2026-05-19T20:17:00+00:00,2026-05-19T20:24:00+00:00,short,4509.54,4511.04,4503.76,4503.76,TP,3.8533333333331634,3.8533333333331634,3.8533333333331634,Setup A,Pattern 2,PIN_BAR,False,8
2026-05-19T20:32:00+00:00,2026-05-19T20:32:00+00:00,short,4507.56,4508.33,4505.718,4505.718,TP,2.39220779220998,2.39220779220998,2.39220779220998,Setup A,Pattern 2,PIN_BAR,False,1
2026-05-19T20:39:00+00:00,2026-05-19T20:39:00+00:00,short,4504.91,4505.95,4502.1,4505.95,SL,2.701923076922682,-1.0,-1.0,Setup A,Pattern 1,ENGULFING,False,1
2026-05-19T20:41:00+00:00,2026-05-19T21:55:00+00:00,short,4503.04,4507.02,4491.7575,4491.7575,TP,2.8347989949746015,2.8347989949746015,2.8347989949746015,Setup A,Pattern 1,ENGULFING,True,75
2026-05-20T01:48:00+00:00,2026-05-20T01:48:00+00:00,short,4480.62,4481.78,4477.715,4481.78,SL,2.504310344827681,-1.0,-1.0,Setup A,Pattern 1,ENGULFING,False,1
2026-05-20T01:54:00+00:00,2026-05-20T01:54:00+00:00,short,4480.04,4481.1,4477.715,4481.1,SL,2.1933962264140945,-1.0,-1.0,Setup A,Pattern 2,PIN_BAR,False,1
2026-05-20T01:56:00+00:00,2026-05-20T01:56:00+00:00,short,4481.4,4481.66,4477.715,4481.66,SL,14.173076923063066,-1.0,-1.0,Setup A,Pattern 2,PIN_BAR,False,1
2026-05-20T01:58:00+00:00,2026-05-20T01:58:00+00:00,short,4482.95,4483.65,4481.511666666666,4483.65,SL,2.0547619047626813,-1.0,-1.0,Setup A,Pattern 2,PIN_BAR,False,1
2026-05-20T02:10:00+00:00,2026-05-20T02:10:00+00:00,short,4483.69,4484.3,4481.511666666666,4484.3,SL,3.571038251362633,-1.0,-1.0,Setup A,Pattern 2,PIN_BAR,False,1
2026-05-20T02:13:00+00:00,2026-05-20T02:19:00+00:00,short,4485.97,4486.67,4481.511666666666,4486.67,SL,6.36904761905014,-1.0,-1.0,Setup A,Pattern 2,PIN_BAR,False,7
2026-05-20T02:23:00+00:00,2026-05-20T02:31:00+00:00,short,4486.65,4488.18,4481.271428571429,4488.18,SL,3.515406162462853,-1.0,-1.0,Setup A,Pattern 1,ENGULFING,False,9
2026-05-20T02:47:00+00:00,2026-05-20T02:49:00+00:00,short,4491.58,4494.1,4485.685833333334,4494.1,SL,2.338955026454366,-1.0,-1.0,Setup A,Pattern 1,ENGULFING,False,3
2026-05-20T02:52:00+00:00,2026-05-20T02:58:00+00:00,short,4492.68,4493.33,4490.104285714286,4490.104285714286,TP,3.962637362640124,3.962637362640124,3.962637362640124,Setup A,Pattern 2,PIN_BAR,False,7
2026-05-20T03:36:00+00:00,2026-05-20T03:40:00+00:00,short,4503.15,4505.6,4495.973333333333,4505.6,SL,2.929251700679244,-1.0,-1.0,Setup A,Pattern 2,PIN_BAR,False,5
2026-05-20T03:43:00+00:00,2026-05-20T03:44:00+00:00,short,4503.42,4506.14,4495.973333333333,4506.14,SL,2.7377450980389773,-1.0,-1.0,Setup A,Pattern 1,ENGULFING,False,2
2026-05-20T03:48:00+00:00,2026-05-20T03:58:00+00:00,short,4505.8,4508.81,4499.621818181818,4499.621818181818,TP,2.0525520990638264,2.0525520990638264,2.0525520990638264,Setup A,Pattern 2,PIN_BAR,False,11
2026-05-26T02:46:00+00:00,2026-05-26T03:00:00+00:00,long,4560.62,4556.59,4568.746923076923,4556.59,SL,2.016606222561678,-1.0,-1.0,Setup A,Pattern 1,ENGULFING,False,15
2026-05-26T04:11:00+00:00,2026-05-26T04:12:00+00:00,long,4547.19,4545.53,4552.255,4547.19,BE,3.051204819277683,0.0,0.0,Setup A,Pattern 1,ENGULFING,True,2
2026-05-26T04:18:00+00:00,2026-05-26T04:19:00+00:00,long,4546.47,4545.79,4549.385,4545.79,SL,4.286764705880465,-1.0,-1.0,Setup A,Pattern 1,ENGULFING,False,2
2026-05-26T04:29:00+00:00,2026-05-26T04:29:00+00:00,long,4545.2,4544.38,4549.385,4544.38,SL,5.103658536587665,-1.0,-1.0,Setup A,Pattern 1,ENGULFING,False,1
2026-05-26T05:18:00+00:00,2026-05-26T05:18:00+00:00,long,4537.81,4537.22,4542.628,4537.22,SL,8.166101694912056,-1.0,-1.0,Setup A,Pattern 2,PIN_BAR,False,1
2026-05-26T05:22:00+00:00,2026-05-26T05:29:00+00:00,long,4537.38,4536.53,4542.628,4536.53,SL,6.174117647055701,-1.0,-1.0,Setup A,Pattern 2,PIN_BAR,False,8
2026-05-26T05:53:00+00:00,2026-05-26T05:53:00+00:00,long,4531.72,4530.04,4538.388333333333,4531.72,BE,3.969246031745185,0.0,0.0,Setup A,Pattern 2,PIN_BAR,True,1
2026-05-26T06:01:00+00:00,2026-05-26T06:01:00+00:00,long,4534.14,4532.07,4538.388333333333,4534.14,BE,2.052334943638514,0.0,0.0,Setup A,Pattern 1,ENGULFING,True,1
2026-05-26T06:12:00+00:00,2026-05-26T06:12:00+00:00,long,4536.28,4535.21,4542.628,4536.28,BE,5.932710280375405,0.0,0.0,Setup A,Pattern 1,ENGULFING,True,1
